Date,Market_Index,Sentiment_Score,Movement
01-02-2025,DAX,0,1
01-02-2025,Nikkei 225,0,1
01-02-2025,ASX 200,0,1
01-02-2025,BSE Sensex,-1,1
01-02-2025,Hang Seng,1,1
01-02-2025,TSX,1,0
01-02-2025,Euro Stoxx 50,-1,1
01-02-2025,Nasdaq Composite,0,0
01-02-2025,NSE Nifty,-1,1
01-02-2025,S&P 500,-1,1
01-02-2025,KOSPI,1,0
01-02-2025,Shanghai Composite,0,1
01-02-2025,Nasdaq Composite,-1,0
01-02-2025,DAX,-1,1
02-02-2025,IBOVESPA,0,1
02-02-2025,Shanghai Composite,1,1
02-02-2025,Hang Seng,0,1
02-02-2025,S&P/TSX Composite,0,0
02-02-2025,BSE Sensex,1,0
02-02-2025,ASX 200,1,1
02-02-2025,DAX,-1,1
02-02-2025,ASX 200,-1,0
02-02-2025,Hang Seng,1,1
02-02-2025,KOSPI,1,0
02-02-2025,S&P 500,0,1
03-02-2025,BSE Sensex,-1,1
03-02-2025,Nasdaq Composite,-1,0
03-02-2025,Dow Jones,-1,1
03-02-2025,Euro Stoxx 50,-1,0
03-02-2025,S&P 500,0,0
03-02-2025,CAC 40,1,0
03-02-2025,Russell 2000,-1,0
03-02-2025,KOSPI,0,1
03-02-2025,CAC 40,1,1
03-02-2025,S&P 500,0,1
03-02-2025,Shanghai Composite,1,1
03-02-2025,Shanghai Composite,1,1
03-02-2025,ASX 200,0,1
04-02-2025,TSX,-1,0
04-02-2025,IBOVESPA,0,0
04-02-2025,CAC 40,-1,1
04-02-2025,Russell 2000,1,1
04-02-2025,S&P 500,-1,1
04-02-2025,FTSE 100,1,1
04-02-2025,Shanghai Composite,1,1
04-02-2025,Euro Stoxx 50,1,0
04-02-2025,IBOVESPA,0,0
04-02-2025,IBOVESPA,-1,0
04-02-2025,CAC 40,0,1
04-02-2025,Russell 2000,0,0
04-02-2025,Shanghai Composite,-1,1
05-02-2025,BSE Sensex,1,0
05-02-2025,FTSE 100,-1,1
05-02-2025,S&P/TSX Composite,-1,1
05-02-2025,ASX 200,-1,0
05-02-2025,Hang Seng,-1,1
05-02-2025,IBOVESPA,1,0
05-02-2025,KOSPI,0,0
05-02-2025,FTSE 100,-1,1
05-02-2025,DAX,0,1
05-02-2025,CAC 40,-1,1
05-02-2025,NSE Nifty,0,1
05-02-2025,CAC 40,0,1
05-02-2025,Hang Seng,0,0
05-02-2025,Hang Seng,1,0
05-02-2025,Hang Seng,-1,1
06-02-2025,Euro Stoxx 50,1,1
06-02-2025,KOSPI,-1,1
06-02-2025,Hang Seng,0,0
06-02-2025,Dow Jones,0,0
06-02-2025,KOSPI,-1,0
06-02-2025,NSE Nifty,0,1
06-02-2025,TSX,0,0
06-02-2025,Hang Seng,1,0
06-02-2025,FTSE 100,-1,0
06-02-2025,Nasdaq Composite,0,1
06-02-2025,ASX 200,0,1
06-02-2025,TSX,0,0
06-02-2025,FTSE 100,1,1
06-02-2025,KOSPI,1,1
06-02-2025,BSE Sensex,1,1
06-02-2025,S&P/TSX Composite,1,0
07-02-2025,KOSPI,1,0
07-02-2025,S&P 500,-1,1
07-02-2025,CAC 40,1,0
07-02-2025,FTSE 100,-1,0
07-02-2025,Russell 2000,-1,0
07-02-2025,IBOVESPA,1,1
07-02-2025,Hang Seng,1,0
07-02-2025,KOSPI,0,1
07-02-2025,DAX,0,1
08-02-2025,Dow Jones,1,1
08-02-2025,S&P/TSX Composite,-1,0
08-02-2025,Nasdaq Composite,1,1
08-02-2025,Russell 2000,0,1
08-02-2025,KOSPI,0,0
08-02-2025,Russell 2000,0,1
08-02-2025,S&P/TSX Composite,1,0
08-02-2025,Dow Jones,1,1
08-02-2025,Hang Seng,1,1
08-02-2025,S&P 500,-1,1
08-02-2025,Nasdaq Composite,-1,0
08-02-2025,Shanghai Composite,1,0
09-02-2025,Euro Stoxx 50,0,1
09-02-2025,Dow Jones,-1,0
09-02-2025,S&P 500,0,0
09-02-2025,TSX,1,1
09-02-2025,Russell 2000,1,1
09-02-2025,IBOVESPA,1,1
09-02-2025,Shanghai Composite,0,0
09-02-2025,NSE Nifty,1,0
09-02-2025,BSE Sensex,0,1
09-02-2025,IBOVESPA,1,1
09-02-2025,ASX 200,0,1
09-02-2025,S&P 500,-1,0
09-02-2025,NSE Nifty,0,1
09-02-2025,IBOVESPA,1,0
09-02-2025,DAX,-1,1
09-02-2025,Euro Stoxx 50,1,0
09-02-2025,ASX 200,1,1
10-02-2025,S&P 500,-1,1
10-02-2025,Russell 2000,-1,1
10-02-2025,IBOVESPA,-1,0
10-02-2025,Dow Jones,1,0
10-02-2025,Hang Seng,1,0
10-02-2025,Shanghai Composite,0,0
10-02-2025,Nikkei 225,-1,1
10-02-2025,KOSPI,1,0
10-02-2025,KOSPI,1,1
11-02-2025,Russell 2000,1,0
11-02-2025,Shanghai Composite,0,0
11-02-2025,IBOVESPA,1,1
11-02-2025,Hang Seng,0,1
11-02-2025,Shanghai Composite,1,0
11-02-2025,FTSE 100,-1,1
11-02-2025,TSX,-1,1
11-02-2025,DAX,0,0
11-02-2025,NSE Nifty,-1,1
11-02-2025,Nikkei 225,1,1
11-02-2025,Nikkei 225,0,1
11-02-2025,Hang Seng,0,1
12-02-2025,TSX,0,0
12-02-2025,Euro Stoxx 50,1,1
12-02-2025,Nasdaq Composite,0,0
12-02-2025,Hang Seng,-1,0
12-02-2025,IBOVESPA,0,0
12-02-2025,Shanghai Composite,-1,1
12-02-2025,ASX 200,-1,1
12-02-2025,DAX,0,1
12-02-2025,BSE Sensex,-1,1
12-02-2025,Euro Stoxx 50,0,0
13-02-2025,DAX,1,1
13-02-2025,Nasdaq Composite,1,1
13-02-2025,TSX,-1,0
13-02-2025,Nikkei 225,0,0
13-02-2025,FTSE 100,-1,0
13-02-2025,NSE Nifty,-1,1
13-02-2025,NSE Nifty,1,0
13-02-2025,CAC 40,1,1
14-02-2025,S&P 500,1,1
14-02-2025,S&P/TSX Composite,-1,0
14-02-2025,NSE Nifty,0,1
14-02-2025,Nikkei 225,0,1
14-02-2025,Nikkei 225,-1,1
14-02-2025,TSX,0,0
14-02-2025,Nasdaq Composite,-1,0
14-02-2025,S&P/TSX Composite,0,0
14-02-2025,BSE Sensex,1,1
14-02-2025,CAC 40,-1,0
14-02-2025,S&P/TSX Composite,1,0
14-02-2025,CAC 40,0,0
15-02-2025,DAX,0,1
15-02-2025,IBOVESPA,-1,1
15-02-2025,Nasdaq Composite,0,1
15-02-2025,CAC 40,1,0
15-02-2025,KOSPI,0,0
15-02-2025,KOSPI,0,0
15-02-2025,IBOVESPA,-1,1
15-02-2025,KOSPI,0,1
15-02-2025,Euro Stoxx 50,-1,1
15-02-2025,NSE Nifty,0,0
15-02-2025,Hang Seng,1,0
15-02-2025,TSX,0,0
15-02-2025,Euro Stoxx 50,-1,0
15-02-2025,ASX 200,0,1
15-02-2025,Dow Jones,0,1
15-02-2025,Russell 2000,-1,0
16-02-2025,FTSE 100,-1,1
16-02-2025,Nasdaq Composite,-1,0
16-02-2025,CAC 40,0,0
16-02-2025,S&P 500,-1,0
16-02-2025,S&P 500,-1,0
16-02-2025,Dow Jones,1,1
16-02-2025,Euro Stoxx 50,1,1
16-02-2025,IBOVESPA,-1,0
16-02-2025,Nasdaq Composite,0,0
16-02-2025,BSE Sensex,-1,1
16-02-2025,Shanghai Composite,1,1
16-02-2025,KOSPI,0,1
16-02-2025,NSE Nifty,0,0
16-02-2025,FTSE 100,1,1
17-02-2025,IBOVESPA,1,1
17-02-2025,IBOVESPA,-1,1
17-02-2025,BSE Sensex,1,0
17-02-2025,Hang Seng,0,0
17-02-2025,Nasdaq Composite,-1,0
17-02-2025,Hang Seng,0,1
17-02-2025,Hang Seng,0,0
17-02-2025,DAX,1,1
17-02-2025,Hang Seng,0,0
18-02-2025,Euro Stoxx 50,0,1
18-02-2025,Nasdaq Composite,1,0
18-02-2025,BSE Sensex,-1,1
18-02-2025,S&P 500,1,1
18-02-2025,Euro Stoxx 50,-1,1
18-02-2025,Nasdaq Composite,0,0
18-02-2025,FTSE 100,0,0
18-02-2025,S&P 500,-1,1
18-02-2025,S&P/TSX Composite,0,0
18-02-2025,Hang Seng,1,0
18-02-2025,KOSPI,0,0
19-02-2025,Nasdaq Composite,0,0
19-02-2025,FTSE 100,1,0
19-02-2025,S&P 500,0,0
19-02-2025,Dow Jones,1,1
19-02-2025,Euro Stoxx 50,0,0
19-02-2025,Dow Jones,-1,0
19-02-2025,TSX,0,0
19-02-2025,S&P/TSX Composite,0,1
19-02-2025,KOSPI,-1,0
19-02-2025,Hang Seng,-1,0
19-02-2025,KOSPI,-1,0
19-02-2025,DAX,0,0
20-02-2025,Nasdaq Composite,1,0
20-02-2025,NSE Nifty,0,0
20-02-2025,NSE Nifty,0,0
20-02-2025,CAC 40,1,1
20-02-2025,Euro Stoxx 50,0,1
20-02-2025,IBOVESPA,0,1
20-02-2025,Dow Jones,-1,1
20-02-2025,Hang Seng,1,0
20-02-2025,FTSE 100,-1,1
20-02-2025,S&P/TSX Composite,1,0
20-02-2025,Euro Stoxx 50,0,0
20-02-2025,Euro Stoxx 50,-1,1
20-02-2025,Nikkei 225,1,0
20-02-2025,Hang Seng,-1,0
20-02-2025,S&P 500,0,1
20-02-2025,S&P/TSX Composite,-1,1
21-02-2025,NSE Nifty,0,1
21-02-2025,Russell 2000,-1,1
21-02-2025,Euro Stoxx 50,0,0
21-02-2025,Dow Jones,1,1
21-02-2025,DAX,-1,0
21-02-2025,FTSE 100,1,1
21-02-2025,CAC 40,1,1
21-02-2025,S&P 500,-1,1
21-02-2025,NSE Nifty,0,0
22-02-2025,FTSE 100,-1,1
22-02-2025,KOSPI,0,1
22-02-2025,Dow Jones,1,1
22-02-2025,S&P 500,-1,1
22-02-2025,Euro Stoxx 50,-1,0
22-02-2025,FTSE 100,-1,0
22-02-2025,Hang Seng,0,0
22-02-2025,DAX,1,1
22-02-2025,Hang Seng,0,1
22-02-2025,S&P/TSX Composite,1,0
22-02-2025,IBOVESPA,1,1
22-02-2025,IBOVESPA,0,0
22-02-2025,Russell 2000,1,0
22-02-2025,S&P 500,0,1
22-02-2025,CAC 40,-1,1
23-02-2025,Nasdaq Composite,-1,0
23-02-2025,ASX 200,-1,1
23-02-2025,Russell 2000,-1,0
23-02-2025,Nikkei 225,-1,0
23-02-2025,BSE Sensex,-1,0
23-02-2025,Shanghai Composite,1,1
23-02-2025,DAX,-1,1
23-02-2025,CAC 40,-1,0
23-02-2025,IBOVESPA,0,1
23-02-2025,FTSE 100,0,0
23-02-2025,ASX 200,1,0
23-02-2025,TSX,1,1
23-02-2025,Hang Seng,-1,0
23-02-2025,IBOVESPA,1,0
23-02-2025,Nasdaq Composite,-1,0
23-02-2025,BSE Sensex,0,1
23-02-2025,KOSPI,0,1
24-02-2025,CAC 40,-1,0
24-02-2025,Russell 2000,1,1
24-02-2025,IBOVESPA,0,1
24-02-2025,Euro Stoxx 50,-1,0
24-02-2025,Nikkei 225,-1,1
24-02-2025,FTSE 100,1,1
24-02-2025,ASX 200,-1,0
24-02-2025,KOSPI,0,0
24-02-2025,Hang Seng,1,0
24-02-2025,Shanghai Composite,1,1
24-02-2025,Russell 2000,-1,1
24-02-2025,S&P 500,-1,1
24-02-2025,S&P 500,-1,1
24-02-2025,Euro Stoxx 50,-1,1
24-02-2025,Dow Jones,-1,0
24-02-2025,KOSPI,1,0
25-02-2025,FTSE 100,-1,1
25-02-2025,FTSE 100,0,1
25-02-2025,BSE Sensex,1,0
25-02-2025,Russell 2000,0,0
25-02-2025,Hang Seng,1,0
25-02-2025,CAC 40,-1,1
25-02-2025,Nikkei 225,0,1
25-02-2025,TSX,1,1
25-02-2025,S&P/TSX Composite,-1,0
25-02-2025,Russell 2000,-1,1
25-02-2025,Hang Seng,-1,1
26-02-2025,S&P/TSX Composite,0,1
26-02-2025,Nikkei 225,1,1
26-02-2025,NSE Nifty,-1,1
26-02-2025,TSX,-1,0
26-02-2025,CAC 40,1,0
26-02-2025,Shanghai Composite,-1,1
26-02-2025,Russell 2000,0,1
26-02-2025,CAC 40,1,0
26-02-2025,Nasdaq Composite,-1,0
26-02-2025,KOSPI,-1,0
26-02-2025,Nikkei 225,-1,0
26-02-2025,Nikkei 225,1,0
26-02-2025,Nikkei 225,1,1
27-02-2025,Shanghai Composite,0,1
27-02-2025,IBOVESPA,0,0
27-02-2025,ASX 200,1,1
27-02-2025,Nikkei 225,1,1
27-02-2025,Euro Stoxx 50,-1,1
27-02-2025,ASX 200,0,1
27-02-2025,Russell 2000,1,0
27-02-2025,DAX,0,1
27-02-2025,Shanghai Composite,1,0
27-02-2025,S&P/TSX Composite,1,0
27-02-2025,Shanghai Composite,0,0
27-02-2025,Dow Jones,0,1
27-02-2025,Nikkei 225,1,0
27-02-2025,Shanghai Composite,0,1
27-02-2025,Dow Jones,0,1
27-02-2025,TSX,1,1
27-02-2025,BSE Sensex,0,0
28-02-2025,KOSPI,-1,1
28-02-2025,Nikkei 225,1,1
28-02-2025,Nasdaq Composite,-1,0
28-02-2025,CAC 40,1,0
28-02-2025,NSE Nifty,1,1
28-02-2025,Shanghai Composite,1,0
28-02-2025,IBOVESPA,-1,0
28-02-2025,KOSPI,1,1
28-02-2025,Russell 2000,-1,0
28-02-2025,Shanghai Composite,-1,1
28-02-2025,Dow Jones,-1,0
28-02-2025,CAC 40,-1,0
01-03-2025,Euro Stoxx 50,0,1
01-03-2025,Euro Stoxx 50,1,0
01-03-2025,CAC 40,1,1
01-03-2025,KOSPI,1,0
01-03-2025,Shanghai Composite,-1,1
01-03-2025,CAC 40,1,1
01-03-2025,Russell 2000,0,1
01-03-2025,Nasdaq Composite,-1,0
01-03-2025,IBOVESPA,1,0
01-03-2025,Nasdaq Composite,1,1
01-03-2025,S&P/TSX Composite,-1,1
01-03-2025,Hang Seng,-1,1
01-03-2025,S&P/TSX Composite,0,1
01-03-2025,Dow Jones,1,0
01-03-2025,Euro Stoxx 50,-1,0
01-03-2025,FTSE 100,1,0
01-03-2025,TSX,0,1
02-03-2025,DAX,0,0
02-03-2025,S&P 500,-1,0
02-03-2025,FTSE 100,0,0
02-03-2025,IBOVESPA,-1,0
02-03-2025,IBOVESPA,1,0
02-03-2025,DAX,-1,1
02-03-2025,Shanghai Composite,1,0
02-03-2025,KOSPI,-1,1
02-03-2025,DAX,-1,1
02-03-2025,CAC 40,0,1
02-03-2025,DAX,-1,0
02-03-2025,KOSPI,-1,1
02-03-2025,KOSPI,0,1
02-03-2025,Dow Jones,0,0
02-03-2025,S&P 500,-1,1
02-03-2025,Shanghai Composite,0,0
03-03-2025,Nasdaq Composite,0,1
03-03-2025,FTSE 100,1,1
03-03-2025,NSE Nifty,-1,0
03-03-2025,NSE Nifty,1,1
03-03-2025,KOSPI,-1,0
03-03-2025,Hang Seng,-1,0
03-03-2025,Dow Jones,-1,1
03-03-2025,Nasdaq Composite,-1,0
03-03-2025,DAX,1,1
03-03-2025,Dow Jones,0,0
03-03-2025,Dow Jones,-1,1
03-03-2025,Euro Stoxx 50,-1,0
03-03-2025,Nikkei 225,1,0
03-03-2025,Hang Seng,1,0
03-03-2025,Euro Stoxx 50,-1,0
03-03-2025,Russell 2000,-1,1
03-03-2025,S&P/TSX Composite,1,1
03-03-2025,Shanghai Composite,-1,1
03-03-2025,S&P 500,0,1
04-03-2025,IBOVESPA,0,1
04-03-2025,CAC 40,0,0
04-03-2025,Russell 2000,0,0
04-03-2025,ASX 200,-1,0
04-03-2025,NSE Nifty,1,0
04-03-2025,Dow Jones,0,0
04-03-2025,DAX,-1,1
04-03-2025,KOSPI,0,0
04-03-2025,Shanghai Composite,1,1
04-03-2025,KOSPI,-1,0
04-03-2025,IBOVESPA,0,1
04-03-2025,ASX 200,-1,1
04-03-2025,Russell 2000,0,1
04-03-2025,KOSPI,0,1
05-03-2025,Dow Jones,-1,0
05-03-2025,Dow Jones,0,0
05-03-2025,Euro Stoxx 50,-1,1
05-03-2025,Shanghai Composite,0,0
05-03-2025,Dow Jones,1,1
05-03-2025,S&P/TSX Composite,-1,0
05-03-2025,KOSPI,-1,0
05-03-2025,Russell 2000,1,1
05-03-2025,BSE Sensex,0,1
05-03-2025,Euro Stoxx 50,0,1
05-03-2025,TSX,-1,0
05-03-2025,BSE Sensex,0,0
05-03-2025,Hang Seng,1,0
06-03-2025,Nasdaq Composite,0,1
06-03-2025,Nasdaq Composite,1,1
06-03-2025,Shanghai Composite,0,1
06-03-2025,FTSE 100,0,1
06-03-2025,S&P/TSX Composite,-1,1
06-03-2025,DAX,1,1
06-03-2025,Shanghai Composite,1,0
06-03-2025,NSE Nifty,-1,1
06-03-2025,S&P/TSX Composite,-1,1
06-03-2025,Russell 2000,1,0
06-03-2025,DAX,-1,0
07-03-2025,ASX 200,-1,1
07-03-2025,Nasdaq Composite,-1,1
07-03-2025,NSE Nifty,-1,1
07-03-2025,Nasdaq Composite,0,0
07-03-2025,Hang Seng,0,1
07-03-2025,Nasdaq Composite,-1,0
07-03-2025,NSE Nifty,1,0
07-03-2025,TSX,0,0
07-03-2025,IBOVESPA,-1,0
08-03-2025,Hang Seng,-1,0
08-03-2025,Euro Stoxx 50,1,0
08-03-2025,DAX,0,1
08-03-2025,KOSPI,-1,0
08-03-2025,Shanghai Composite,-1,0
08-03-2025,Russell 2000,-1,1
08-03-2025,TSX,-1,1
08-03-2025,Nikkei 225,-1,1
08-03-2025,BSE Sensex,-1,0
08-03-2025,Shanghai Composite,0,1
08-03-2025,Shanghai Composite,1,0
08-03-2025,Euro Stoxx 50,-1,1
08-03-2025,Nasdaq Composite,1,1
08-03-2025,FTSE 100,-1,0
08-03-2025,KOSPI,1,1
09-03-2025,Russell 2000,1,1
09-03-2025,S&P 500,1,0
09-03-2025,BSE Sensex,1,0
09-03-2025,Shanghai Composite,-1,1
09-03-2025,KOSPI,-1,1
09-03-2025,Hang Seng,-1,0
09-03-2025,Nikkei 225,0,0
09-03-2025,S&P/TSX Composite,1,1
09-03-2025,Euro Stoxx 50,0,0
09-03-2025,CAC 40,0,1
09-03-2025,CAC 40,1,1
10-03-2025,Shanghai Composite,1,0
10-03-2025,FTSE 100,-1,0
10-03-2025,Euro Stoxx 50,1,0
10-03-2025,TSX,0,0
10-03-2025,Nasdaq Composite,-1,0
10-03-2025,DAX,1,0
10-03-2025,DAX,0,0
10-03-2025,Dow Jones,0,0
10-03-2025,S&P/TSX Composite,0,0
10-03-2025,Nasdaq Composite,0,0
10-03-2025,Euro Stoxx 50,-1,1
10-03-2025,S&P 500,-1,0
11-03-2025,KOSPI,1,0
11-03-2025,Nikkei 225,0,1
11-03-2025,BSE Sensex,1,1
11-03-2025,Shanghai Composite,1,0
11-03-2025,DAX,-1,1
11-03-2025,DAX,1,1
11-03-2025,Nikkei 225,0,0
11-03-2025,Russell 2000,-1,0
11-03-2025,S&P/TSX Composite,-1,1
11-03-2025,Nasdaq Composite,-1,1
12-03-2025,Euro Stoxx 50,-1,0
12-03-2025,Nikkei 225,-1,1
12-03-2025,DAX,-1,1
12-03-2025,TSX,1,1
12-03-2025,Euro Stoxx 50,1,0
12-03-2025,Russell 2000,1,1
12-03-2025,Euro Stoxx 50,-1,1
12-03-2025,S&P/TSX Composite,0,1
12-03-2025,Shanghai Composite,-1,1
12-03-2025,DAX,0,0
12-03-2025,Dow Jones,0,1
12-03-2025,Hang Seng,-1,1
12-03-2025,S&P 500,1,1
12-03-2025,S&P/TSX Composite,-1,1
12-03-2025,KOSPI,-1,0
12-03-2025,IBOVESPA,-1,1
12-03-2025,KOSPI,1,0
12-03-2025,TSX,0,1
13-03-2025,Nasdaq Composite,-1,1
13-03-2025,TSX,0,0
13-03-2025,DAX,1,0
13-03-2025,S&P/TSX Composite,1,0
13-03-2025,Shanghai Composite,-1,1
13-03-2025,Dow Jones,1,0
13-03-2025,Russell 2000,0,0
13-03-2025,Russell 2000,0,1
13-03-2025,S&P/TSX Composite,-1,1
13-03-2025,Nasdaq Composite,-1,1
13-03-2025,Shanghai Composite,-1,0
13-03-2025,IBOVESPA,0,0
13-03-2025,Nasdaq Composite,1,0
13-03-2025,DAX,0,0
13-03-2025,BSE Sensex,1,0
13-03-2025,TSX,0,0
13-03-2025,TSX,0,0
13-03-2025,NSE Nifty,1,1
14-03-2025,ASX 200,0,1
14-03-2025,Dow Jones,0,0
14-03-2025,FTSE 100,-1,0
14-03-2025,Euro Stoxx 50,1,0
14-03-2025,S&P/TSX Composite,1,0
14-03-2025,NSE Nifty,-1,1
14-03-2025,FTSE 100,1,0
14-03-2025,FTSE 100,1,1
14-03-2025,BSE Sensex,0,0
14-03-2025,IBOVESPA,1,0
14-03-2025,S&P 500,-1,1
14-03-2025,S&P/TSX Composite,1,1
14-03-2025,BSE Sensex,0,1
14-03-2025,Hang Seng,-1,0
14-03-2025,NSE Nifty,-1,1
15-03-2025,Dow Jones,0,1
15-03-2025,Hang Seng,1,0
15-03-2025,Dow Jones,1,0
15-03-2025,Shanghai Composite,-1,0
15-03-2025,Nikkei 225,0,0
15-03-2025,ASX 200,-1,1
15-03-2025,CAC 40,-1,1
15-03-2025,BSE Sensex,1,0
15-03-2025,BSE Sensex,0,1
16-03-2025,ASX 200,1,0
16-03-2025,Nikkei 225,0,0
16-03-2025,S&P/TSX Composite,1,1
16-03-2025,FTSE 100,0,1
16-03-2025,TSX,-1,0
16-03-2025,ASX 200,1,1
16-03-2025,ASX 200,1,0
16-03-2025,Hang Seng,1,0
16-03-2025,KOSPI,0,1
16-03-2025,CAC 40,-1,0
17-03-2025,Dow Jones,-1,0
17-03-2025,IBOVESPA,0,0
17-03-2025,BSE Sensex,0,1
17-03-2025,TSX,0,1
17-03-2025,Shanghai Composite,0,0
17-03-2025,Russell 2000,-1,1
17-03-2025,Dow Jones,-1,1
17-03-2025,S&P/TSX Composite,-1,0
17-03-2025,BSE Sensex,1,1
17-03-2025,IBOVESPA,1,0
17-03-2025,Russell 2000,1,0
17-03-2025,Euro Stoxx 50,1,0
17-03-2025,S&P/TSX Composite,1,1
17-03-2025,ASX 200,0,1
17-03-2025,ASX 200,0,0
17-03-2025,DAX,0,1
18-03-2025,S&P 500,1,1
18-03-2025,NSE Nifty,-1,0
18-03-2025,NSE Nifty,-1,1
18-03-2025,NSE Nifty,-1,0
18-03-2025,Russell 2000,0,0
18-03-2025,FTSE 100,0,0
18-03-2025,S&P 500,-1,1
18-03-2025,CAC 40,-1,0
18-03-2025,Hang Seng,-1,0
18-03-2025,TSX,0,0
18-03-2025,ASX 200,1,1
18-03-2025,IBOVESPA,-1,1
18-03-2025,CAC 40,1,1
18-03-2025,DAX,-1,0
18-03-2025,Dow Jones,0,1
18-03-2025,NSE Nifty,1,0
19-03-2025,Nasdaq Composite,-1,0
19-03-2025,FTSE 100,0,0
19-03-2025,KOSPI,0,1
19-03-2025,Hang Seng,0,0
19-03-2025,CAC 40,1,0
19-03-2025,IBOVESPA,1,1
19-03-2025,Nikkei 225,1,1
19-03-2025,Dow Jones,0,0
19-03-2025,Russell 2000,0,1
19-03-2025,TSX,0,1
19-03-2025,Russell 2000,1,0
19-03-2025,Shanghai Composite,1,1
19-03-2025,IBOVESPA,0,0
19-03-2025,TSX,1,1
20-03-2025,Hang Seng,1,0
20-03-2025,BSE Sensex,1,1
20-03-2025,TSX,-1,0
20-03-2025,Hang Seng,-1,1
20-03-2025,KOSPI,1,0
20-03-2025,Hang Seng,0,1
20-03-2025,S&P/TSX Composite,0,0
20-03-2025,Shanghai Composite,-1,0
20-03-2025,KOSPI,0,1
20-03-2025,Russell 2000,1,1
20-03-2025,Dow Jones,0,1
20-03-2025,Nasdaq Composite,-1,0
20-03-2025,Nikkei 225,-1,1
20-03-2025,NSE Nifty,0,1
20-03-2025,Shanghai Composite,0,1
21-03-2025,FTSE 100,0,1
21-03-2025,ASX 200,1,0
21-03-2025,Nikkei 225,1,0
21-03-2025,Euro Stoxx 50,0,1
21-03-2025,FTSE 100,1,0
21-03-2025,Nikkei 225,0,1
21-03-2025,Hang Seng,0,1
21-03-2025,S&P/TSX Composite,0,0
21-03-2025,Shanghai Composite,0,1
21-03-2025,BSE Sensex,0,0
21-03-2025,TSX,1,0
21-03-2025,Dow Jones,-1,1
21-03-2025,NSE Nifty,-1,1
22-03-2025,Dow Jones,1,0
22-03-2025,Hang Seng,-1,1
22-03-2025,Dow Jones,0,0
22-03-2025,S&P/TSX Composite,0,1
22-03-2025,Nikkei 225,1,0
22-03-2025,Nikkei 225,0,1
22-03-2025,Euro Stoxx 50,0,1
22-03-2025,S&P 500,-1,1
22-03-2025,S&P/TSX Composite,0,1
22-03-2025,NSE Nifty,0,0
22-03-2025,TSX,-1,0
23-03-2025,NSE Nifty,1,1
23-03-2025,NSE Nifty,0,1
23-03-2025,IBOVESPA,1,0
23-03-2025,CAC 40,0,0
23-03-2025,DAX,1,0
23-03-2025,KOSPI,0,1
23-03-2025,KOSPI,-1,1
23-03-2025,Russell 2000,0,0
23-03-2025,ASX 200,0,1
23-03-2025,IBOVESPA,0,0
23-03-2025,FTSE 100,0,0
23-03-2025,Shanghai Composite,1,0
24-03-2025,Hang Seng,0,1
24-03-2025,NSE Nifty,0,1
24-03-2025,S&P/TSX Composite,-1,1
24-03-2025,KOSPI,1,0
24-03-2025,Nikkei 225,-1,0
24-03-2025,DAX,0,0
24-03-2025,Euro Stoxx 50,1,0
24-03-2025,Nikkei 225,-1,0
24-03-2025,Russell 2000,1,0
24-03-2025,Nikkei 225,1,0
24-03-2025,CAC 40,-1,1
25-03-2025,BSE Sensex,0,0
25-03-2025,DAX,1,0
25-03-2025,S&P 500,-1,0
25-03-2025,Nasdaq Composite,1,0
25-03-2025,CAC 40,1,1
25-03-2025,Euro Stoxx 50,0,0
25-03-2025,CAC 40,1,1
25-03-2025,S&P 500,0,0
25-03-2025,FTSE 100,-1,1
25-03-2025,Euro Stoxx 50,-1,0
25-03-2025,S&P/TSX Composite,0,0
25-03-2025,NSE Nifty,1,0
25-03-2025,Shanghai Composite,0,1
26-03-2025,Nikkei 225,-1,0
26-03-2025,BSE Sensex,-1,1
26-03-2025,Hang Seng,0,1
26-03-2025,S&P 500,0,0
26-03-2025,FTSE 100,0,1
26-03-2025,S&P/TSX Composite,0,0
26-03-2025,ASX 200,-1,0
26-03-2025,Russell 2000,0,1
26-03-2025,Euro Stoxx 50,1,0
26-03-2025,Russell 2000,0,1
26-03-2025,Nikkei 225,1,1
26-03-2025,Euro Stoxx 50,-1,0
26-03-2025,S&P 500,1,0
27-03-2025,Nikkei 225,0,1
27-03-2025,Russell 2000,0,1
27-03-2025,Shanghai Composite,-1,1
27-03-2025,KOSPI,-1,0
27-03-2025,S&P 500,-1,0
27-03-2025,Nasdaq Composite,-1,1
27-03-2025,KOSPI,1,0
27-03-2025,Shanghai Composite,0,1
27-03-2025,Nasdaq Composite,-1,1
27-03-2025,Nasdaq Composite,1,0
27-03-2025,Nasdaq Composite,0,0
27-03-2025,Russell 2000,-1,0
27-03-2025,Dow Jones,1,1
27-03-2025,BSE Sensex,1,1
28-03-2025,Shanghai Composite,0,0
28-03-2025,KOSPI,-1,1
28-03-2025,S&P 500,0,1
28-03-2025,Euro Stoxx 50,1,1
28-03-2025,CAC 40,1,0
28-03-2025,ASX 200,1,0
28-03-2025,NSE Nifty,1,0
28-03-2025,S&P 500,0,1
28-03-2025,BSE Sensex,0,1
28-03-2025,CAC 40,-1,0
28-03-2025,TSX,-1,0
28-03-2025,ASX 200,1,0
28-03-2025,Nasdaq Composite,0,1
29-03-2025,S&P 500,1,0
29-03-2025,Dow Jones,1,1
29-03-2025,KOSPI,1,1
29-03-2025,KOSPI,-1,1
29-03-2025,ASX 200,-1,1
29-03-2025,TSX,1,1
29-03-2025,IBOVESPA,-1,0
29-03-2025,Dow Jones,0,0
29-03-2025,Hang Seng,0,0
29-03-2025,NSE Nifty,1,1
29-03-2025,CAC 40,1,1
29-03-2025,Shanghai Composite,0,1
29-03-2025,Russell 2000,-1,0
29-03-2025,FTSE 100,0,0
29-03-2025,ASX 200,0,0
30-03-2025,TSX,1,0
30-03-2025,ASX 200,1,0
30-03-2025,FTSE 100,0,0
30-03-2025,BSE Sensex,1,0
30-03-2025,S&P 500,0,0
30-03-2025,KOSPI,0,0
30-03-2025,DAX,0,1
30-03-2025,BSE Sensex,1,0
30-03-2025,Shanghai Composite,-1,1
30-03-2025,NSE Nifty,-1,0
30-03-2025,Dow Jones,-1,0
30-03-2025,S&P/TSX Composite,1,0
30-03-2025,ASX 200,1,1
30-03-2025,KOSPI,1,1
30-03-2025,Russell 2000,1,0
30-03-2025,DAX,0,0
30-03-2025,Russell 2000,-1,1
30-03-2025,S&P/TSX Composite,-1,0
30-03-2025,Hang Seng,0,1
31-03-2025,S&P/TSX Composite,0,1
31-03-2025,S&P 500,1,1
31-03-2025,IBOVESPA,-1,0
31-03-2025,Russell 2000,-1,0
31-03-2025,DAX,-1,1
31-03-2025,Dow Jones,0,1
31-03-2025,Euro Stoxx 50,1,0
31-03-2025,S&P/TSX Composite,-1,1
31-03-2025,TSX,-1,0
31-03-2025,Dow Jones,0,1
31-03-2025,DAX,0,1
31-03-2025,Nasdaq Composite,0,0
31-03-2025,NSE Nifty,1,1
31-03-2025,TSX,-1,1
31-03-2025,ASX 200,-1,1
31-03-2025,NSE Nifty,0,0
31-03-2025,IBOVESPA,1,0
01-04-2025,IBOVESPA,0,1
01-04-2025,TSX,-1,1
01-04-2025,Dow Jones,0,1
01-04-2025,Euro Stoxx 50,0,1
01-04-2025,Hang Seng,-1,1
01-04-2025,Nikkei 225,-1,1
01-04-2025,S&P 500,0,1
01-04-2025,CAC 40,1,0
01-04-2025,Russell 2000,-1,0
01-04-2025,Shanghai Composite,1,1
01-04-2025,S&P 500,-1,1
01-04-2025,Shanghai Composite,0,1
01-04-2025,IBOVESPA,0,0
02-04-2025,TSX,1,0
02-04-2025,Russell 2000,0,1
02-04-2025,Shanghai Composite,1,0
02-04-2025,TSX,-1,0
02-04-2025,S&P 500,1,0
02-04-2025,CAC 40,-1,0
02-04-2025,FTSE 100,-1,1
02-04-2025,S&P/TSX Composite,-1,1
02-04-2025,Hang Seng,-1,0
02-04-2025,NSE Nifty,1,1
02-04-2025,DAX,1,1
02-04-2025,Shanghai Composite,1,1
02-04-2025,ASX 200,-1,0
02-04-2025,Dow Jones,1,0
02-04-2025,BSE Sensex,1,1
03-04-2025,S&P 500,-1,0
03-04-2025,Dow Jones,0,0
03-04-2025,ASX 200,1,0
03-04-2025,S&P/TSX Composite,0,1
03-04-2025,IBOVESPA,-1,1
03-04-2025,Dow Jones,-1,0
03-04-2025,Shanghai Composite,-1,1
03-04-2025,FTSE 100,-1,0
03-04-2025,DAX,-1,0
03-04-2025,NSE Nifty,1,0
03-04-2025,Russell 2000,-1,1
03-04-2025,Euro Stoxx 50,-1,1
03-04-2025,Dow Jones,-1,0
03-04-2025,Nikkei 225,1,1
03-04-2025,BSE Sensex,1,0
03-04-2025,IBOVESPA,0,1
03-04-2025,KOSPI,1,0
03-04-2025,Dow Jones,0,0
04-04-2025,S&P 500,-1,0
04-04-2025,Russell 2000,-1,1
04-04-2025,Dow Jones,-1,1
04-04-2025,BSE Sensex,-1,0
04-04-2025,Euro Stoxx 50,0,0
04-04-2025,FTSE 100,-1,1
04-04-2025,Russell 2000,0,1
04-04-2025,Hang Seng,0,1
04-04-2025,FTSE 100,1,1
04-04-2025,IBOVESPA,-1,1
04-04-2025,KOSPI,1,0
04-04-2025,ASX 200,0,1
04-04-2025,Nikkei 225,1,0
05-04-2025,S&P/TSX Composite,1,0
05-04-2025,ASX 200,1,0
05-04-2025,Nasdaq Composite,-1,0
05-04-2025,TSX,-1,0
05-04-2025,IBOVESPA,-1,1
05-04-2025,S&P/TSX Composite,-1,0
05-04-2025,Nasdaq Composite,1,0
05-04-2025,Russell 2000,-1,0
05-04-2025,ASX 200,1,1
05-04-2025,ASX 200,0,0
05-04-2025,Nikkei 225,1,0
05-04-2025,DAX,1,0
05-04-2025,S&P/TSX Composite,-1,1
05-04-2025,IBOVESPA,0,1
05-04-2025,BSE Sensex,1,1
06-04-2025,Shanghai Composite,1,0
06-04-2025,FTSE 100,1,0
06-04-2025,TSX,1,1
06-04-2025,FTSE 100,-1,1
06-04-2025,BSE Sensex,0,1
06-04-2025,Hang Seng,1,0
06-04-2025,Nasdaq Composite,1,0
06-04-2025,Dow Jones,1,1
06-04-2025,S&P/TSX Composite,1,0
06-04-2025,IBOVESPA,-1,0
06-04-2025,S&P 500,0,1
06-04-2025,NSE Nifty,-1,0
06-04-2025,S&P/TSX Composite,0,0
06-04-2025,KOSPI,1,1
07-04-2025,Shanghai Composite,0,0
07-04-2025,Russell 2000,1,0
07-04-2025,TSX,0,0
07-04-2025,Hang Seng,-1,0
07-04-2025,TSX,1,1
07-04-2025,Nikkei 225,1,1
07-04-2025,Russell 2000,1,0
07-04-2025,NSE Nifty,1,1
07-04-2025,TSX,0,1
07-04-2025,Nikkei 225,0,0
07-04-2025,Nasdaq Composite,1,0
07-04-2025,DAX,0,1
07-04-2025,Hang Seng,1,1
07-04-2025,KOSPI,1,1
08-04-2025,Dow Jones,-1,0
08-04-2025,S&P 500,1,0
08-04-2025,S&P/TSX Composite,1,0
08-04-2025,Nikkei 225,1,1
08-04-2025,KOSPI,-1,0
08-04-2025,TSX,0,1
08-04-2025,Shanghai Composite,0,0
08-04-2025,ASX 200,0,1
08-04-2025,Euro Stoxx 50,1,0
08-04-2025,DAX,1,1
08-04-2025,NSE Nifty,1,1
08-04-2025,Nasdaq Composite,-1,0
08-04-2025,CAC 40,-1,1
08-04-2025,ASX 200,0,0
08-04-2025,Hang Seng,1,0
08-04-2025,Euro Stoxx 50,-1,1
09-04-2025,Nikkei 225,1,0
09-04-2025,FTSE 100,-1,1
09-04-2025,S&P/TSX Composite,-1,1
09-04-2025,Hang Seng,-1,0
09-04-2025,Euro Stoxx 50,1,1
09-04-2025,DAX,-1,1
09-04-2025,Russell 2000,1,0
09-04-2025,Euro Stoxx 50,1,0
09-04-2025,Hang Seng,-1,0
09-04-2025,Shanghai Composite,0,0
09-04-2025,KOSPI,1,0
09-04-2025,KOSPI,-1,1
09-04-2025,DAX,1,1
09-04-2025,DAX,0,1
09-04-2025,Dow Jones,-1,1
09-04-2025,ASX 200,-1,0
09-04-2025,S&P/TSX Composite,0,0
09-04-2025,Dow Jones,1,0
09-04-2025,ASX 200,1,1
09-04-2025,DAX,-1,0
09-04-2025,DAX,0,1
10-04-2025,NSE Nifty,1,0
10-04-2025,Shanghai Composite,-1,0
10-04-2025,ASX 200,0,1
10-04-2025,Dow Jones,0,1
10-04-2025,NSE Nifty,1,0
10-04-2025,NSE Nifty,0,0
10-04-2025,Nikkei 225,0,1
10-04-2025,BSE Sensex,-1,1
10-04-2025,S&P 500,1,1
10-04-2025,BSE Sensex,1,1
10-04-2025,DAX,1,0
10-04-2025,CAC 40,1,0
10-04-2025,Euro Stoxx 50,1,1
10-04-2025,Nasdaq Composite,-1,1
10-04-2025,Euro Stoxx 50,1,1
11-04-2025,Nikkei 225,1,0
11-04-2025,KOSPI,1,1
11-04-2025,ASX 200,-1,1
11-04-2025,Shanghai Composite,-1,1
11-04-2025,CAC 40,0,1
11-04-2025,FTSE 100,0,1
11-04-2025,S&P/TSX Composite,0,0
11-04-2025,Dow Jones,1,1
11-04-2025,KOSPI,1,1
11-04-2025,ASX 200,-1,0
11-04-2025,IBOVESPA,-1,0
11-04-2025,Nasdaq Composite,-1,0
12-04-2025,Nikkei 225,0,1
12-04-2025,Nasdaq Composite,1,0
12-04-2025,BSE Sensex,-1,1
12-04-2025,Shanghai Composite,1,1
12-04-2025,NSE Nifty,0,0
12-04-2025,Hang Seng,-1,1
12-04-2025,DAX,-1,0
12-04-2025,Nasdaq Composite,0,0
12-04-2025,BSE Sensex,0,0
12-04-2025,FTSE 100,0,1
12-04-2025,FTSE 100,1,1
12-04-2025,Shanghai Composite,1,1
12-04-2025,Nikkei 225,1,0
12-04-2025,Hang Seng,1,0
12-04-2025,Hang Seng,0,0
13-04-2025,Shanghai Composite,1,0
13-04-2025,S&P/TSX Composite,1,0
13-04-2025,CAC 40,-1,1
13-04-2025,Russell 2000,-1,0
13-04-2025,Dow Jones,0,0
13-04-2025,Shanghai Composite,0,1
13-04-2025,ASX 200,1,0
13-04-2025,Nikkei 225,-1,0
13-04-2025,NSE Nifty,1,0
13-04-2025,S&P 500,-1,0
13-04-2025,KOSPI,1,0
13-04-2025,Nasdaq Composite,1,0
13-04-2025,S&P/TSX Composite,0,1
13-04-2025,Nasdaq Composite,-1,0
13-04-2025,CAC 40,-1,0
13-04-2025,Shanghai Composite,-1,0
13-04-2025,FTSE 100,-1,0
13-04-2025,IBOVESPA,1,1
14-04-2025,DAX,0,1
14-04-2025,Hang Seng,-1,0
14-04-2025,Hang Seng,-1,1
14-04-2025,Nikkei 225,1,1
14-04-2025,KOSPI,0,0
14-04-2025,Euro Stoxx 50,-1,0
14-04-2025,Euro Stoxx 50,-1,0
14-04-2025,Russell 2000,-1,0
14-04-2025,IBOVESPA,1,1
14-04-2025,NSE Nifty,1,1
14-04-2025,ASX 200,1,0
14-04-2025,Hang Seng,1,0
14-04-2025,KOSPI,0,1
14-04-2025,Shanghai Composite,0,0
14-04-2025,NSE Nifty,0,0
14-04-2025,Nikkei 225,1,1
14-04-2025,Russell 2000,0,1
14-04-2025,Nasdaq Composite,0,0
14-04-2025,Euro Stoxx 50,0,1
14-04-2025,Nasdaq Composite,-1,1
14-04-2025,Dow Jones,1,1
14-04-2025,BSE Sensex,-1,0
15-04-2025,Dow Jones,1,0
15-04-2025,TSX,1,1
15-04-2025,DAX,1,0
15-04-2025,Shanghai Composite,0,0
15-04-2025,TSX,0,1
15-04-2025,IBOVESPA,-1,1
15-04-2025,KOSPI,-1,0
16-04-2025,S&P 500,1,1
16-04-2025,Russell 2000,1,0
16-04-2025,FTSE 100,-1,0
16-04-2025,Shanghai Composite,1,1
16-04-2025,CAC 40,-1,0
16-04-2025,NSE Nifty,1,0
16-04-2025,Euro Stoxx 50,1,0
16-04-2025,S&P/TSX Composite,0,0
16-04-2025,KOSPI,1,1
16-04-2025,Hang Seng,1,0
16-04-2025,NSE Nifty,-1,1
16-04-2025,S&P 500,1,1
16-04-2025,TSX,0,1
16-04-2025,ASX 200,-1,0
16-04-2025,Shanghai Composite,-1,0
16-04-2025,IBOVESPA,0,1
16-04-2025,DAX,1,1
16-04-2025,DAX,-1,1
17-04-2025,NSE Nifty,-1,1
17-04-2025,Russell 2000,1,1
17-04-2025,Russell 2000,1,0
17-04-2025,IBOVESPA,-1,0
17-04-2025,ASX 200,-1,0
17-04-2025,Shanghai Composite,1,0
17-04-2025,Nasdaq Composite,-1,0
17-04-2025,NSE Nifty,-1,1
17-04-2025,CAC 40,0,1
17-04-2025,DAX,-1,1
17-04-2025,Nikkei 225,0,1
17-04-2025,KOSPI,0,0
17-04-2025,S&P/TSX Composite,1,1
17-04-2025,Shanghai Composite,-1,0
18-04-2025,Shanghai Composite,0,1
18-04-2025,IBOVESPA,0,0
18-04-2025,KOSPI,0,1
18-04-2025,BSE Sensex,0,0
18-04-2025,Dow Jones,0,1
18-04-2025,FTSE 100,1,1
19-04-2025,S&P/TSX Composite,0,1
19-04-2025,Euro Stoxx 50,-1,1
19-04-2025,Russell 2000,-1,1
19-04-2025,BSE Sensex,-1,1
19-04-2025,IBOVESPA,0,0
19-04-2025,S&P 500,0,1
19-04-2025,FTSE 100,0,0
19-04-2025,TSX,1,1
19-04-2025,TSX,1,0
19-04-2025,IBOVESPA,-1,0
19-04-2025,Russell 2000,-1,0
19-04-2025,IBOVESPA,-1,0
19-04-2025,Hang Seng,-1,0
19-04-2025,ASX 200,1,1
19-04-2025,Nasdaq Composite,0,1
19-04-2025,FTSE 100,0,0
19-04-2025,Russell 2000,0,1
19-04-2025,ASX 200,0,0
20-04-2025,CAC 40,0,1
20-04-2025,Nasdaq Composite,0,0
20-04-2025,ASX 200,1,1
20-04-2025,S&P/TSX Composite,0,0
20-04-2025,ASX 200,1,1
20-04-2025,Russell 2000,1,1
20-04-2025,Dow Jones,1,0
20-04-2025,S&P 500,1,0
20-04-2025,KOSPI,1,0
20-04-2025,KOSPI,0,1
20-04-2025,Euro Stoxx 50,0,1
20-04-2025,Dow Jones,0,0
20-04-2025,KOSPI,-1,1
21-04-2025,Hang Seng,1,0
21-04-2025,Hang Seng,-1,1
21-04-2025,DAX,0,0
21-04-2025,DAX,-1,0
21-04-2025,S&P 500,-1,1
21-04-2025,Nasdaq Composite,-1,0
21-04-2025,BSE Sensex,1,0
21-04-2025,Shanghai Composite,-1,0
21-04-2025,KOSPI,0,0
21-04-2025,Shanghai Composite,0,0
21-04-2025,Nasdaq Composite,0,1
21-04-2025,Russell 2000,-1,0
22-04-2025,CAC 40,0,1
22-04-2025,Nasdaq Composite,1,0
22-04-2025,Nasdaq Composite,0,0
22-04-2025,Russell 2000,1,0
22-04-2025,Hang Seng,0,0
22-04-2025,Russell 2000,0,1
22-04-2025,ASX 200,1,1
22-04-2025,CAC 40,0,0
22-04-2025,BSE Sensex,0,0
22-04-2025,DAX,1,1
22-04-2025,Shanghai Composite,-1,0
22-04-2025,IBOVESPA,-1,0
22-04-2025,Shanghai Composite,1,1
23-04-2025,ASX 200,0,0
23-04-2025,Russell 2000,0,1
23-04-2025,KOSPI,0,0
23-04-2025,Russell 2000,0,0
23-04-2025,DAX,-1,0
23-04-2025,Hang Seng,0,0
23-04-2025,CAC 40,0,1
23-04-2025,KOSPI,0,0
23-04-2025,Russell 2000,-1,0
23-04-2025,Euro Stoxx 50,1,0
23-04-2025,Hang Seng,-1,0
23-04-2025,ASX 200,0,1
23-04-2025,Dow Jones,0,1
23-04-2025,FTSE 100,-1,0
23-04-2025,TSX,0,0
23-04-2025,S&P 500,1,0
23-04-2025,FTSE 100,1,0
23-04-2025,S&P 500,1,1
23-04-2025,NSE Nifty,1,0
23-04-2025,S&P/TSX Composite,1,0
24-04-2025,BSE Sensex,-1,1
24-04-2025,KOSPI,0,1
24-04-2025,S&P 500,-1,1
24-04-2025,Shanghai Composite,-1,1
24-04-2025,IBOVESPA,1,1
24-04-2025,TSX,-1,0
24-04-2025,FTSE 100,0,1
24-04-2025,Nasdaq Composite,-1,1
24-04-2025,Dow Jones,-1,0
24-04-2025,DAX,0,1
24-04-2025,Nikkei 225,-1,0
24-04-2025,Dow Jones,0,1
24-04-2025,BSE Sensex,0,1
24-04-2025,S&P 500,-1,0
25-04-2025,Shanghai Composite,1,0
25-04-2025,DAX,0,0
25-04-2025,Dow Jones,1,1
25-04-2025,Nikkei 225,1,1
25-04-2025,IBOVESPA,0,0
25-04-2025,CAC 40,-1,0
25-04-2025,TSX,0,1
25-04-2025,NSE Nifty,-1,1
25-04-2025,S&P 500,0,0
26-04-2025,DAX,1,1
26-04-2025,Dow Jones,0,0
26-04-2025,Euro Stoxx 50,-1,0
26-04-2025,Shanghai Composite,-1,1
26-04-2025,TSX,-1,1
26-04-2025,BSE Sensex,0,1
26-04-2025,S&P 500,0,0
26-04-2025,BSE Sensex,0,1
26-04-2025,NSE Nifty,-1,0
26-04-2025,CAC 40,0,1
26-04-2025,KOSPI,0,0
26-04-2025,Dow Jones,1,0
26-04-2025,CAC 40,0,1
26-04-2025,Dow Jones,-1,0
26-04-2025,S&P 500,0,1
26-04-2025,IBOVESPA,-1,0
26-04-2025,Shanghai Composite,0,0
26-04-2025,FTSE 100,1,0
26-04-2025,S&P/TSX Composite,-1,1
26-04-2025,FTSE 100,1,0
27-04-2025,CAC 40,1,1
27-04-2025,Dow Jones,0,1
27-04-2025,BSE Sensex,-1,1
27-04-2025,KOSPI,-1,0
27-04-2025,Russell 2000,1,0
27-04-2025,BSE Sensex,-1,0
27-04-2025,TSX,-1,1
27-04-2025,Russell 2000,-1,0
27-04-2025,S&P/TSX Composite,1,0
27-04-2025,Euro Stoxx 50,0,0
27-04-2025,Nasdaq Composite,0,0
27-04-2025,TSX,1,0
27-04-2025,KOSPI,1,1
27-04-2025,S&P 500,0,1
27-04-2025,KOSPI,0,1
27-04-2025,Euro Stoxx 50,1,0
27-04-2025,Russell 2000,0,1
27-04-2025,Euro Stoxx 50,-1,1
28-04-2025,Hang Seng,-1,0
28-04-2025,Nasdaq Composite,1,0
28-04-2025,Shanghai Composite,-1,1
28-04-2025,S&P 500,0,1
28-04-2025,ASX 200,0,0
28-04-2025,Russell 2000,1,0
28-04-2025,ASX 200,1,0
28-04-2025,Nikkei 225,1,0
28-04-2025,Russell 2000,-1,0
28-04-2025,TSX,-1,1
28-04-2025,CAC 40,1,0
28-04-2025,ASX 200,1,1
28-04-2025,ASX 200,0,1
28-04-2025,NSE Nifty,-1,1
28-04-2025,Nasdaq Composite,1,1
28-04-2025,S&P/TSX Composite,0,0
29-04-2025,TSX,1,0
29-04-2025,Nikkei 225,1,0
29-04-2025,Euro Stoxx 50,-1,0
29-04-2025,FTSE 100,-1,0
29-04-2025,Euro Stoxx 50,-1,0
29-04-2025,Hang Seng,-1,0
29-04-2025,IBOVESPA,-1,1
29-04-2025,Euro Stoxx 50,1,0
29-04-2025,IBOVESPA,-1,0
29-04-2025,KOSPI,1,1
29-04-2025,Nasdaq Composite,0,0
29-04-2025,BSE Sensex,1,1
30-04-2025,Dow Jones,0,0
30-04-2025,S&P/TSX Composite,-1,0
30-04-2025,TSX,0,1
30-04-2025,Hang Seng,-1,0
30-04-2025,IBOVESPA,0,1
30-04-2025,BSE Sensex,1,0
30-04-2025,Russell 2000,0,0
30-04-2025,KOSPI,1,0
30-04-2025,Dow Jones,-1,1
30-04-2025,Russell 2000,-1,0
30-04-2025,Nikkei 225,1,0
30-04-2025,FTSE 100,0,1
30-04-2025,S&P 500,0,1
30-04-2025,IBOVESPA,0,1
01-05-2025,Hang Seng,0,1
01-05-2025,S&P 500,-1,0
01-05-2025,KOSPI,1,0
01-05-2025,FTSE 100,-1,1
01-05-2025,Nasdaq Composite,0,0
01-05-2025,Euro Stoxx 50,-1,1
01-05-2025,BSE Sensex,0,0
01-05-2025,Shanghai Composite,-1,1
01-05-2025,Dow Jones,0,1
01-05-2025,Nikkei 225,1,0
01-05-2025,Shanghai Composite,-1,0
01-05-2025,ASX 200,1,0
01-05-2025,Dow Jones,1,1
01-05-2025,TSX,0,0
01-05-2025,DAX,-1,0
01-05-2025,NSE Nifty,1,0
01-05-2025,IBOVESPA,0,0
01-05-2025,Euro Stoxx 50,-1,1
01-05-2025,KOSPI,1,0
01-05-2025,NSE Nifty,-1,0
01-05-2025,Euro Stoxx 50,-1,1
01-05-2025,Shanghai Composite,1,0
01-05-2025,TSX,-1,0
02-05-2025,Hang Seng,-1,0
02-05-2025,FTSE 100,1,1
02-05-2025,ASX 200,1,1
02-05-2025,Nasdaq Composite,-1,1
02-05-2025,S&P 500,1,1
02-05-2025,Russell 2000,0,1
02-05-2025,Nasdaq Composite,1,0
02-05-2025,TSX,-1,1
02-05-2025,Russell 2000,1,0
02-05-2025,TSX,1,1
02-05-2025,TSX,1,0
02-05-2025,ASX 200,1,0
02-05-2025,Hang Seng,0,0
02-05-2025,CAC 40,1,1
03-05-2025,S&P 500,-1,0
03-05-2025,ASX 200,0,1
03-05-2025,S&P/TSX Composite,0,1
03-05-2025,FTSE 100,-1,1
03-05-2025,Dow Jones,1,1
03-05-2025,TSX,0,0
03-05-2025,Nasdaq Composite,0,1
03-05-2025,IBOVESPA,0,1
03-05-2025,Nasdaq Composite,0,1
03-05-2025,ASX 200,1,0
03-05-2025,S&P 500,-1,0
03-05-2025,Euro Stoxx 50,-1,0
04-05-2025,ASX 200,-1,1
04-05-2025,Hang Seng,-1,0
04-05-2025,S&P 500,-1,0
04-05-2025,Nasdaq Composite,1,1
04-05-2025,CAC 40,1,0
04-05-2025,CAC 40,1,0
04-05-2025,Hang Seng,-1,0
04-05-2025,ASX 200,-1,0
04-05-2025,BSE Sensex,0,0
04-05-2025,BSE Sensex,1,1
04-05-2025,Hang Seng,1,0
05-05-2025,ASX 200,1,0
05-05-2025,Russell 2000,0,0
05-05-2025,ASX 200,0,1
05-05-2025,Russell 2000,-1,1
05-05-2025,TSX,-1,0
05-05-2025,DAX,-1,1
05-05-2025,TSX,1,1
05-05-2025,Russell 2000,1,1
05-05-2025,KOSPI,-1,1
05-05-2025,Nasdaq Composite,-1,1
05-05-2025,CAC 40,-1,1
05-05-2025,Hang Seng,0,1
05-05-2025,S&P 500,0,1
05-05-2025,NSE Nifty,0,1
05-05-2025,FTSE 100,0,1
06-05-2025,IBOVESPA,1,0
06-05-2025,Hang Seng,-1,0
06-05-2025,NSE Nifty,1,0
06-05-2025,S&P/TSX Composite,0,1
06-05-2025,Dow Jones,1,1
06-05-2025,Dow Jones,-1,0
06-05-2025,Shanghai Composite,0,1
06-05-2025,Nikkei 225,1,0
06-05-2025,TSX,1,0
06-05-2025,S&P/TSX Composite,1,1
06-05-2025,Russell 2000,-1,1
06-05-2025,Dow Jones,-1,0
06-05-2025,Dow Jones,0,1
07-05-2025,IBOVESPA,0,0
07-05-2025,S&P 500,-1,0
07-05-2025,IBOVESPA,0,1
07-05-2025,TSX,0,1
07-05-2025,KOSPI,-1,1
07-05-2025,ASX 200,0,0
07-05-2025,ASX 200,-1,0
07-05-2025,Hang Seng,-1,0
07-05-2025,IBOVESPA,0,1
07-05-2025,S&P 500,-1,0
07-05-2025,ASX 200,0,1
07-05-2025,TSX,0,0
07-05-2025,BSE Sensex,-1,1
08-05-2025,S&P/TSX Composite,-1,0
08-05-2025,TSX,0,0
08-05-2025,TSX,1,1
08-05-2025,Nasdaq Composite,0,1
08-05-2025,S&P/TSX Composite,0,0
08-05-2025,Shanghai Composite,-1,0
08-05-2025,DAX,-1,1
08-05-2025,Nikkei 225,1,0
08-05-2025,TSX,-1,0
08-05-2025,S&P 500,1,1
08-05-2025,Nikkei 225,-1,1
08-05-2025,FTSE 100,0,1
09-05-2025,ASX 200,1,0
09-05-2025,Hang Seng,1,1
09-05-2025,KOSPI,-1,0
09-05-2025,Nasdaq Composite,-1,1
09-05-2025,KOSPI,1,1
09-05-2025,Hang Seng,1,1
09-05-2025,Euro Stoxx 50,0,1
09-05-2025,Dow Jones,0,0
09-05-2025,KOSPI,0,0
09-05-2025,IBOVESPA,1,0
09-05-2025,FTSE 100,0,0
09-05-2025,FTSE 100,-1,0
09-05-2025,NSE Nifty,-1,0
09-05-2025,BSE Sensex,1,1
09-05-2025,Nikkei 225,0,0
09-05-2025,ASX 200,1,0
10-05-2025,IBOVESPA,0,1
10-05-2025,ASX 200,-1,0
10-05-2025,S&P/TSX Composite,-1,0
10-05-2025,NSE Nifty,-1,0
10-05-2025,Euro Stoxx 50,1,1
10-05-2025,Dow Jones,0,1
10-05-2025,Shanghai Composite,-1,0
10-05-2025,TSX,1,1
10-05-2025,IBOVESPA,0,1
10-05-2025,Dow Jones,-1,1
10-05-2025,S&P 500,-1,0
10-05-2025,Nikkei 225,-1,0
10-05-2025,FTSE 100,1,1
11-05-2025,NSE Nifty,1,0
11-05-2025,Euro Stoxx 50,1,1
11-05-2025,KOSPI,0,1
11-05-2025,TSX,-1,1
11-05-2025,BSE Sensex,0,0
11-05-2025,TSX,0,1
11-05-2025,DAX,0,1
11-05-2025,Shanghai Composite,0,1
11-05-2025,Russell 2000,-1,0
11-05-2025,IBOVESPA,0,1
11-05-2025,Nikkei 225,1,1
12-05-2025,Shanghai Composite,-1,1
12-05-2025,BSE Sensex,1,1
12-05-2025,Russell 2000,1,0
12-05-2025,FTSE 100,0,1
12-05-2025,DAX,-1,0
12-05-2025,DAX,1,1
12-05-2025,FTSE 100,-1,0
12-05-2025,S&P/TSX Composite,-1,0
13-05-2025,DAX,1,1
13-05-2025,TSX,0,0
13-05-2025,S&P 500,-1,0
13-05-2025,TSX,0,1
13-05-2025,Nasdaq Composite,0,1
13-05-2025,Shanghai Composite,-1,1
13-05-2025,Nikkei 225,-1,1
13-05-2025,Russell 2000,1,0
14-05-2025,S&P/TSX Composite,0,1
14-05-2025,Russell 2000,0,1
14-05-2025,CAC 40,0,1
14-05-2025,ASX 200,1,1
14-05-2025,Shanghai Composite,0,1
14-05-2025,Dow Jones,1,1
14-05-2025,BSE Sensex,0,0
14-05-2025,Euro Stoxx 50,-1,1
14-05-2025,Euro Stoxx 50,-1,0
14-05-2025,Nikkei 225,1,0
14-05-2025,Nikkei 225,0,1
14-05-2025,Dow Jones,1,0
14-05-2025,FTSE 100,0,0
15-05-2025,CAC 40,-1,1
15-05-2025,TSX,-1,1
15-05-2025,Shanghai Composite,-1,1
15-05-2025,CAC 40,1,1
15-05-2025,FTSE 100,-1,1
15-05-2025,Dow Jones,0,1
15-05-2025,FTSE 100,0,0
15-05-2025,Dow Jones,-1,1
15-05-2025,FTSE 100,1,0
15-05-2025,Nikkei 225,1,0
15-05-2025,Russell 2000,0,0
15-05-2025,Dow Jones,-1,0
15-05-2025,Euro Stoxx 50,-1,1
15-05-2025,KOSPI,0,0
15-05-2025,NSE Nifty,1,1
16-05-2025,KOSPI,1,0
16-05-2025,Euro Stoxx 50,0,0
16-05-2025,S&P/TSX Composite,1,0
16-05-2025,S&P/TSX Composite,1,0
16-05-2025,DAX,1,0
16-05-2025,CAC 40,0,0
16-05-2025,DAX,-1,0
16-05-2025,Euro Stoxx 50,1,1
16-05-2025,Nasdaq Composite,-1,1
16-05-2025,DAX,1,0
16-05-2025,S&P 500,0,0
16-05-2025,ASX 200,1,0
16-05-2025,Nasdaq Composite,-1,1
16-05-2025,BSE Sensex,0,1
16-05-2025,BSE Sensex,1,0
16-05-2025,ASX 200,1,0
16-05-2025,KOSPI,0,0
16-05-2025,DAX,1,1
17-05-2025,KOSPI,0,0
17-05-2025,Nasdaq Composite,-1,1
17-05-2025,ASX 200,0,1
17-05-2025,ASX 200,1,1
17-05-2025,Nasdaq Composite,-1,1
17-05-2025,Dow Jones,1,1
17-05-2025,ASX 200,1,1
17-05-2025,Dow Jones,0,1
17-05-2025,S&P/TSX Composite,0,0
17-05-2025,S&P 500,0,0
17-05-2025,TSX,-1,0
17-05-2025,FTSE 100,-1,1
17-05-2025,Hang Seng,0,0
17-05-2025,Nikkei 225,0,0
17-05-2025,Shanghai Composite,0,0
17-05-2025,IBOVESPA,0,1
18-05-2025,Nasdaq Composite,1,1
18-05-2025,Nasdaq Composite,-1,0
18-05-2025,Russell 2000,-1,1
18-05-2025,TSX,-1,0
18-05-2025,Dow Jones,-1,0
18-05-2025,TSX,-1,0
18-05-2025,Nikkei 225,1,1
18-05-2025,S&P 500,0,1
18-05-2025,Nikkei 225,0,1
18-05-2025,TSX,-1,1
18-05-2025,KOSPI,-1,1
18-05-2025,KOSPI,-1,1
18-05-2025,Nikkei 225,0,0
18-05-2025,TSX,1,1
18-05-2025,Shanghai Composite,0,1
18-05-2025,Hang Seng,0,0
19-05-2025,Nasdaq Composite,0,1
19-05-2025,CAC 40,0,0
19-05-2025,CAC 40,0,0
19-05-2025,Russell 2000,0,1
19-05-2025,Nasdaq Composite,1,0
19-05-2025,Nikkei 225,-1,0
19-05-2025,S&P 500,0,1
19-05-2025,IBOVESPA,1,0
19-05-2025,Hang Seng,-1,0
19-05-2025,NSE Nifty,1,0
19-05-2025,Nasdaq Composite,-1,0
19-05-2025,Russell 2000,1,1
19-05-2025,TSX,-1,0
19-05-2025,Nikkei 225,1,0
19-05-2025,KOSPI,-1,1
19-05-2025,NSE Nifty,1,1
19-05-2025,TSX,-1,1
20-05-2025,Russell 2000,1,1
20-05-2025,Euro Stoxx 50,-1,0
20-05-2025,ASX 200,0,0
20-05-2025,Nasdaq Composite,1,1
20-05-2025,BSE Sensex,0,1
20-05-2025,ASX 200,-1,1
20-05-2025,Dow Jones,0,1
20-05-2025,Dow Jones,-1,0
20-05-2025,Russell 2000,1,1
20-05-2025,Nikkei 225,1,1
20-05-2025,Nasdaq Composite,0,0
20-05-2025,Dow Jones,-1,1
20-05-2025,IBOVESPA,1,1
20-05-2025,CAC 40,0,1
21-05-2025,NSE Nifty,1,1
21-05-2025,Dow Jones,-1,0
21-05-2025,S&P 500,1,0
21-05-2025,Euro Stoxx 50,0,1
21-05-2025,FTSE 100,1,1
21-05-2025,FTSE 100,1,1
21-05-2025,Nasdaq Composite,-1,1
21-05-2025,CAC 40,-1,1
21-05-2025,TSX,0,0
21-05-2025,IBOVESPA,0,0
21-05-2025,BSE Sensex,-1,0
21-05-2025,IBOVESPA,0,0
21-05-2025,CAC 40,1,1
21-05-2025,Euro Stoxx 50,1,0
21-05-2025,Hang Seng,-1,1
22-05-2025,CAC 40,-1,0
22-05-2025,KOSPI,0,0
22-05-2025,Dow Jones,0,0
22-05-2025,Nasdaq Composite,1,1
22-05-2025,Shanghai Composite,-1,1
22-05-2025,Euro Stoxx 50,-1,0
22-05-2025,CAC 40,0,1
22-05-2025,CAC 40,0,1
22-05-2025,Shanghai Composite,-1,1
22-05-2025,DAX,-1,1
22-05-2025,IBOVESPA,1,0
22-05-2025,Nasdaq Composite,0,1
22-05-2025,ASX 200,1,0
22-05-2025,S&P/TSX Composite,-1,0
23-05-2025,TSX,1,0
23-05-2025,Dow Jones,1,1
23-05-2025,Russell 2000,1,1
23-05-2025,Nasdaq Composite,0,1
23-05-2025,FTSE 100,0,1
23-05-2025,NSE Nifty,0,0
23-05-2025,NSE Nifty,0,0
23-05-2025,S&P 500,-1,0
23-05-2025,S&P/TSX Composite,0,0
23-05-2025,Shanghai Composite,1,1
23-05-2025,Hang Seng,1,0
23-05-2025,Hang Seng,1,0
23-05-2025,Nikkei 225,-1,0
23-05-2025,ASX 200,0,0
24-05-2025,Nasdaq Composite,0,1
24-05-2025,Nikkei 225,-1,1
24-05-2025,DAX,0,0
24-05-2025,Hang Seng,-1,1
24-05-2025,FTSE 100,-1,1
24-05-2025,ASX 200,0,0
24-05-2025,Dow Jones,-1,1
24-05-2025,NSE Nifty,1,0
24-05-2025,Russell 2000,-1,0
24-05-2025,FTSE 100,0,1
24-05-2025,Russell 2000,-1,0
24-05-2025,S&P/TSX Composite,1,1
24-05-2025,Dow Jones,0,1
25-05-2025,S&P 500,1,1
25-05-2025,Nikkei 225,-1,0
25-05-2025,DAX,1,1
25-05-2025,S&P/TSX Composite,-1,1
25-05-2025,Dow Jones,0,0
26-05-2025,Shanghai Composite,-1,0
26-05-2025,Nikkei 225,-1,0
26-05-2025,CAC 40,1,0
26-05-2025,S&P 500,0,0
26-05-2025,Shanghai Composite,-1,1
26-05-2025,TSX,-1,1
26-05-2025,KOSPI,-1,0
26-05-2025,Shanghai Composite,-1,0
26-05-2025,S&P 500,1,1
26-05-2025,BSE Sensex,1,1
26-05-2025,CAC 40,-1,0
26-05-2025,DAX,1,0
27-05-2025,Shanghai Composite,-1,0
27-05-2025,Nasdaq Composite,0,0
27-05-2025,Nikkei 225,1,1
27-05-2025,S&P 500,0,0
27-05-2025,ASX 200,0,1
27-05-2025,TSX,1,0
27-05-2025,KOSPI,0,0
27-05-2025,NSE Nifty,1,1
27-05-2025,Hang Seng,1,1
27-05-2025,Euro Stoxx 50,0,0
27-05-2025,ASX 200,1,1
27-05-2025,BSE Sensex,0,0
27-05-2025,CAC 40,-1,0
27-05-2025,NSE Nifty,0,1
27-05-2025,DAX,1,0
27-05-2025,Nasdaq Composite,1,1
27-05-2025,ASX 200,0,0
27-05-2025,NSE Nifty,-1,0
28-05-2025,S&P 500,-1,1
28-05-2025,NSE Nifty,-1,1
28-05-2025,Euro Stoxx 50,-1,0
28-05-2025,Nikkei 225,1,1
28-05-2025,Hang Seng,-1,1
28-05-2025,TSX,0,1
28-05-2025,Nikkei 225,0,1
28-05-2025,Shanghai Composite,-1,0
28-05-2025,KOSPI,0,0
28-05-2025,S&P 500,1,1
28-05-2025,Russell 2000,1,1
28-05-2025,Russell 2000,1,1
28-05-2025,BSE Sensex,1,1
28-05-2025,Russell 2000,-1,1
29-05-2025,Russell 2000,0,1
29-05-2025,BSE Sensex,0,0
29-05-2025,TSX,-1,0
29-05-2025,DAX,0,1
29-05-2025,BSE Sensex,-1,1
29-05-2025,Nasdaq Composite,0,0
29-05-2025,S&P/TSX Composite,-1,0
29-05-2025,KOSPI,0,0
29-05-2025,Euro Stoxx 50,1,1
29-05-2025,S&P 500,1,1
29-05-2025,Hang Seng,-1,1
29-05-2025,KOSPI,-1,0
30-05-2025,Shanghai Composite,1,1
30-05-2025,Euro Stoxx 50,1,1
30-05-2025,TSX,0,1
30-05-2025,KOSPI,1,0
30-05-2025,Nasdaq Composite,0,0
30-05-2025,NSE Nifty,-1,1
30-05-2025,Euro Stoxx 50,-1,0
30-05-2025,Euro Stoxx 50,0,0
30-05-2025,Dow Jones,0,0
30-05-2025,ASX 200,0,0
30-05-2025,DAX,-1,0
30-05-2025,Nasdaq Composite,-1,0
30-05-2025,IBOVESPA,-1,0
30-05-2025,ASX 200,1,1
30-05-2025,Shanghai Composite,-1,0
31-05-2025,Nasdaq Composite,0,1
31-05-2025,S&P 500,1,1
31-05-2025,S&P/TSX Composite,0,1
31-05-2025,Shanghai Composite,0,0
31-05-2025,CAC 40,0,1
31-05-2025,BSE Sensex,1,1
31-05-2025,IBOVESPA,1,0
31-05-2025,Nikkei 225,0,1
31-05-2025,BSE Sensex,0,1
31-05-2025,Hang Seng,0,1
31-05-2025,TSX,-1,1
31-05-2025,Nasdaq Composite,1,0
31-05-2025,KOSPI,-1,1
31-05-2025,ASX 200,0,0
31-05-2025,CAC 40,-1,0
31-05-2025,S&P 500,0,1
31-05-2025,Dow Jones,0,1
31-05-2025,Nikkei 225,0,0
01-06-2025,ASX 200,-1,0
01-06-2025,Nikkei 225,1,0
01-06-2025,Euro Stoxx 50,1,0
01-06-2025,Nasdaq Composite,0,0
01-06-2025,Euro Stoxx 50,0,1
01-06-2025,CAC 40,0,0
01-06-2025,Russell 2000,1,0
01-06-2025,NSE Nifty,0,0
01-06-2025,Shanghai Composite,0,0
01-06-2025,Hang Seng,-1,1
01-06-2025,CAC 40,0,1
01-06-2025,Hang Seng,0,1
01-06-2025,TSX,-1,1
01-06-2025,CAC 40,0,1
01-06-2025,Dow Jones,1,1
01-06-2025,IBOVESPA,-1,0
02-06-2025,S&P 500,0,1
02-06-2025,Russell 2000,0,0
02-06-2025,Nasdaq Composite,-1,0
02-06-2025,TSX,-1,0
02-06-2025,Dow Jones,0,0
02-06-2025,DAX,-1,0
02-06-2025,CAC 40,-1,1
02-06-2025,Dow Jones,0,1
02-06-2025,CAC 40,0,1
02-06-2025,DAX,0,1
02-06-2025,Nasdaq Composite,-1,1
02-06-2025,BSE Sensex,-1,1
02-06-2025,TSX,0,1
02-06-2025,S&P/TSX Composite,-1,1
02-06-2025,KOSPI,-1,0
02-06-2025,Nikkei 225,0,0
03-06-2025,NSE Nifty,0,1
03-06-2025,FTSE 100,-1,1
03-06-2025,Hang Seng,1,1
03-06-2025,Nasdaq Composite,0,1
03-06-2025,Shanghai Composite,1,1
03-06-2025,Dow Jones,0,1
03-06-2025,IBOVESPA,0,0
03-06-2025,CAC 40,1,0
03-06-2025,Russell 2000,-1,1
03-06-2025,TSX,-1,1
03-06-2025,Euro Stoxx 50,-1,1
03-06-2025,KOSPI,0,0
03-06-2025,NSE Nifty,1,1
03-06-2025,S&P/TSX Composite,-1,1
03-06-2025,Dow Jones,1,0
04-06-2025,CAC 40,0,1
04-06-2025,CAC 40,0,1
04-06-2025,Dow Jones,-1,0
04-06-2025,NSE Nifty,1,1
04-06-2025,Nasdaq Composite,1,1
04-06-2025,S&P/TSX Composite,1,0
04-06-2025,Hang Seng,-1,0
04-06-2025,S&P/TSX Composite,-1,1
04-06-2025,TSX,-1,1
04-06-2025,Hang Seng,1,0
04-06-2025,Dow Jones,0,1
05-06-2025,Euro Stoxx 50,0,0
05-06-2025,NSE Nifty,0,0
05-06-2025,Euro Stoxx 50,1,0
05-06-2025,Russell 2000,-1,0
05-06-2025,CAC 40,1,0
05-06-2025,NSE Nifty,0,0
05-06-2025,Russell 2000,0,1
05-06-2025,Russell 2000,0,0
05-06-2025,Nikkei 225,-1,0
05-06-2025,IBOVESPA,-1,0
05-06-2025,DAX,-1,0
05-06-2025,Hang Seng,-1,1
05-06-2025,FTSE 100,-1,0
05-06-2025,CAC 40,0,1
05-06-2025,ASX 200,-1,1
05-06-2025,Nikkei 225,1,0
05-06-2025,BSE Sensex,0,1
05-06-2025,FTSE 100,-1,1
05-06-2025,TSX,0,1
05-06-2025,CAC 40,1,1
05-06-2025,DAX,1,1
06-06-2025,Russell 2000,0,0
06-06-2025,IBOVESPA,0,0
06-06-2025,ASX 200,-1,0
06-06-2025,FTSE 100,1,1
06-06-2025,KOSPI,1,0
06-06-2025,BSE Sensex,0,0
06-06-2025,FTSE 100,-1,1
06-06-2025,S&P 500,0,0
06-06-2025,IBOVESPA,-1,1
06-06-2025,DAX,1,0
06-06-2025,FTSE 100,-1,0
06-06-2025,S&P/TSX Composite,1,0
06-06-2025,BSE Sensex,-1,1
06-06-2025,DAX,-1,1
06-06-2025,CAC 40,1,1
07-06-2025,BSE Sensex,1,0
07-06-2025,ASX 200,0,1
07-06-2025,FTSE 100,1,1
07-06-2025,ASX 200,-1,0
07-06-2025,Russell 2000,0,0
07-06-2025,S&P 500,1,0
07-06-2025,FTSE 100,1,1
07-06-2025,S&P 500,-1,1
08-06-2025,Nikkei 225,0,0
08-06-2025,IBOVESPA,0,1
08-06-2025,Hang Seng,1,0
08-06-2025,Nasdaq Composite,-1,1
08-06-2025,CAC 40,-1,0
08-06-2025,DAX,-1,1
08-06-2025,DAX,0,0
08-06-2025,NSE Nifty,1,0
08-06-2025,Dow Jones,1,1
08-06-2025,Dow Jones,0,0
08-06-2025,Nasdaq Composite,1,0
08-06-2025,NSE Nifty,0,1
09-06-2025,IBOVESPA,0,1
09-06-2025,IBOVESPA,1,1
09-06-2025,Nikkei 225,1,0
09-06-2025,FTSE 100,1,1
09-06-2025,S&P 500,-1,0
09-06-2025,NSE Nifty,0,1
09-06-2025,Dow Jones,1,1
09-06-2025,Nasdaq Composite,0,0
09-06-2025,TSX,1,0
10-06-2025,S&P 500,1,1
10-06-2025,S&P 500,-1,0
10-06-2025,Russell 2000,0,1
10-06-2025,Dow Jones,-1,1
10-06-2025,S&P/TSX Composite,-1,0
10-06-2025,TSX,-1,1
10-06-2025,ASX 200,-1,1
10-06-2025,S&P/TSX Composite,1,1
10-06-2025,Euro Stoxx 50,1,0
10-06-2025,Nasdaq Composite,1,0
10-06-2025,S&P 500,1,1
10-06-2025,BSE Sensex,-1,0
10-06-2025,TSX,-1,0
10-06-2025,NSE Nifty,-1,0
10-06-2025,Dow Jones,1,0
11-06-2025,Nikkei 225,1,1
11-06-2025,Dow Jones,-1,0
11-06-2025,Dow Jones,0,1
11-06-2025,S&P/TSX Composite,-1,1
11-06-2025,NSE Nifty,0,0
11-06-2025,Shanghai Composite,-1,1
11-06-2025,DAX,-1,0
11-06-2025,Russell 2000,-1,1
11-06-2025,IBOVESPA,1,0
11-06-2025,NSE Nifty,0,0
11-06-2025,Russell 2000,1,1
11-06-2025,Euro Stoxx 50,1,0
11-06-2025,IBOVESPA,0,0
11-06-2025,Dow Jones,-1,0
11-06-2025,FTSE 100,-1,0
12-06-2025,Dow Jones,0,1
12-06-2025,DAX,1,0
12-06-2025,Shanghai Composite,1,1
12-06-2025,Euro Stoxx 50,1,0
12-06-2025,Hang Seng,0,0
12-06-2025,S&P/TSX Composite,0,0
12-06-2025,Hang Seng,-1,0
12-06-2025,Nasdaq Composite,1,1
12-06-2025,DAX,0,0
12-06-2025,Shanghai Composite,1,0
12-06-2025,DAX,1,1
13-06-2025,S&P 500,-1,1
13-06-2025,Nasdaq Composite,-1,0
13-06-2025,Nasdaq Composite,0,1
13-06-2025,Shanghai Composite,0,0
13-06-2025,NSE Nifty,1,0
13-06-2025,Russell 2000,-1,0
13-06-2025,Russell 2000,-1,1
13-06-2025,TSX,1,1
13-06-2025,Nikkei 225,-1,1
13-06-2025,Shanghai Composite,-1,1
13-06-2025,BSE Sensex,0,1
13-06-2025,ASX 200,-1,0
13-06-2025,BSE Sensex,1,1
13-06-2025,Euro Stoxx 50,0,1
13-06-2025,CAC 40,0,1
13-06-2025,Russell 2000,-1,0
13-06-2025,Nikkei 225,0,1
14-06-2025,BSE Sensex,1,0
14-06-2025,CAC 40,-1,1
14-06-2025,Russell 2000,-1,0
14-06-2025,Euro Stoxx 50,-1,1
14-06-2025,TSX,1,0
14-06-2025,IBOVESPA,1,0
14-06-2025,Russell 2000,-1,0
14-06-2025,Nasdaq Composite,0,1
14-06-2025,Russell 2000,-1,0
14-06-2025,IBOVESPA,1,1
14-06-2025,NSE Nifty,0,1
14-06-2025,BSE Sensex,-1,0
14-06-2025,Dow Jones,0,1
14-06-2025,TSX,0,0
15-06-2025,Hang Seng,1,0
15-06-2025,Euro Stoxx 50,0,0
15-06-2025,BSE Sensex,0,1
15-06-2025,FTSE 100,1,1
15-06-2025,S&P/TSX Composite,1,0
15-06-2025,S&P/TSX Composite,1,1
15-06-2025,S&P/TSX Composite,1,0
15-06-2025,S&P/TSX Composite,0,1
15-06-2025,NSE Nifty,0,0
15-06-2025,Hang Seng,0,1
16-06-2025,CAC 40,-1,1
16-06-2025,CAC 40,0,0
16-06-2025,TSX,0,0
16-06-2025,Nasdaq Composite,1,1
16-06-2025,Russell 2000,-1,0
16-06-2025,CAC 40,-1,0
16-06-2025,S&P 500,-1,0
16-06-2025,Shanghai Composite,-1,1
16-06-2025,TSX,1,0
16-06-2025,Nasdaq Composite,1,0
16-06-2025,KOSPI,0,1
16-06-2025,ASX 200,0,0
16-06-2025,BSE Sensex,-1,0
16-06-2025,Hang Seng,-1,0
16-06-2025,S&P 500,1,0
16-06-2025,KOSPI,1,1
16-06-2025,BSE Sensex,0,1
16-06-2025,NSE Nifty,0,0
16-06-2025,KOSPI,-1,0
16-06-2025,S&P 500,-1,0
17-06-2025,BSE Sensex,-1,1
17-06-2025,S&P/TSX Composite,0,0
17-06-2025,S&P 500,-1,1
17-06-2025,BSE Sensex,1,1
17-06-2025,NSE Nifty,0,0
17-06-2025,Euro Stoxx 50,-1,1
17-06-2025,ASX 200,1,0
17-06-2025,IBOVESPA,1,1
17-06-2025,Euro Stoxx 50,1,0
17-06-2025,S&P/TSX Composite,1,0
17-06-2025,Nikkei 225,-1,0
18-06-2025,Dow Jones,0,1
18-06-2025,Nikkei 225,-1,1
18-06-2025,Euro Stoxx 50,1,1
18-06-2025,NSE Nifty,1,1
18-06-2025,KOSPI,0,0
18-06-2025,IBOVESPA,1,1
18-06-2025,FTSE 100,1,0
18-06-2025,CAC 40,0,0
18-06-2025,Shanghai Composite,-1,0
18-06-2025,TSX,1,1
18-06-2025,DAX,-1,1
19-06-2025,Russell 2000,1,1
19-06-2025,IBOVESPA,1,0
19-06-2025,Nasdaq Composite,0,1
19-06-2025,S&P 500,-1,1
19-06-2025,Nikkei 225,1,1
19-06-2025,Russell 2000,1,0
19-06-2025,S&P/TSX Composite,0,1
19-06-2025,Nikkei 225,1,0
19-06-2025,S&P/TSX Composite,-1,0
19-06-2025,Shanghai Composite,1,0
19-06-2025,S&P/TSX Composite,1,1
19-06-2025,BSE Sensex,-1,0
19-06-2025,CAC 40,0,0
19-06-2025,Euro Stoxx 50,0,0
19-06-2025,Nasdaq Composite,-1,1
19-06-2025,S&P 500,-1,1
19-06-2025,Dow Jones,-1,0
19-06-2025,IBOVESPA,-1,1
20-06-2025,Hang Seng,1,0
20-06-2025,Hang Seng,1,1
20-06-2025,Russell 2000,0,0
20-06-2025,Hang Seng,1,0
20-06-2025,ASX 200,-1,1
20-06-2025,ASX 200,0,1
20-06-2025,S&P/TSX Composite,1,1
20-06-2025,ASX 200,-1,1
20-06-2025,S&P/TSX Composite,0,1
20-06-2025,KOSPI,-1,0
21-06-2025,S&P 500,-1,1
21-06-2025,Dow Jones,-1,1
21-06-2025,Dow Jones,-1,1
21-06-2025,IBOVESPA,0,0
21-06-2025,Nikkei 225,0,0
21-06-2025,Hang Seng,1,0
21-06-2025,S&P 500,0,0
21-06-2025,BSE Sensex,1,1
21-06-2025,ASX 200,1,0
21-06-2025,BSE Sensex,-1,0
21-06-2025,BSE Sensex,0,0
21-06-2025,Shanghai Composite,1,0
21-06-2025,BSE Sensex,1,1
21-06-2025,KOSPI,0,1
21-06-2025,Shanghai Composite,-1,1
22-06-2025,ASX 200,0,0
22-06-2025,Nikkei 225,1,0
22-06-2025,TSX,1,0
22-06-2025,TSX,-1,0
22-06-2025,KOSPI,0,0
22-06-2025,CAC 40,-1,1
22-06-2025,Nikkei 225,0,1
22-06-2025,FTSE 100,0,0
22-06-2025,Nikkei 225,0,0
22-06-2025,Euro Stoxx 50,1,1
22-06-2025,S&P/TSX Composite,-1,0
22-06-2025,S&P 500,0,0
22-06-2025,TSX,-1,1
22-06-2025,Nasdaq Composite,1,1
23-06-2025,Russell 2000,0,1
23-06-2025,FTSE 100,-1,0
23-06-2025,BSE Sensex,-1,1
23-06-2025,CAC 40,1,0
23-06-2025,Shanghai Composite,1,1
23-06-2025,Euro Stoxx 50,-1,0
23-06-2025,Nikkei 225,1,0
23-06-2025,S&P 500,-1,1
23-06-2025,S&P/TSX Composite,-1,1
23-06-2025,S&P/TSX Composite,0,0
23-06-2025,DAX,1,1
23-06-2025,Euro Stoxx 50,0,0
23-06-2025,Hang Seng,0,0
23-06-2025,Russell 2000,1,1
23-06-2025,S&P 500,0,1
23-06-2025,Nasdaq Composite,0,1
23-06-2025,DAX,0,0
24-06-2025,TSX,0,0
24-06-2025,Russell 2000,-1,1
24-06-2025,Hang Seng,1,1
24-06-2025,Dow Jones,0,1
24-06-2025,NSE Nifty,1,0
24-06-2025,TSX,-1,0
24-06-2025,Shanghai Composite,0,1
24-06-2025,TSX,0,0
24-06-2025,BSE Sensex,1,0
24-06-2025,DAX,0,0
24-06-2025,TSX,1,1
24-06-2025,BSE Sensex,0,1
24-06-2025,Euro Stoxx 50,1,0
25-06-2025,CAC 40,0,1
25-06-2025,DAX,1,0
25-06-2025,ASX 200,-1,1
25-06-2025,FTSE 100,0,0
25-06-2025,Nasdaq Composite,-1,1
25-06-2025,S&P/TSX Composite,-1,1
25-06-2025,S&P 500,1,1
25-06-2025,Shanghai Composite,0,0
25-06-2025,CAC 40,1,1
25-06-2025,BSE Sensex,1,1
25-06-2025,DAX,0,1
25-06-2025,ASX 200,-1,0
25-06-2025,CAC 40,-1,1
25-06-2025,BSE Sensex,1,1
26-06-2025,S&P 500,1,0
26-06-2025,S&P 500,-1,0
26-06-2025,IBOVESPA,0,1
26-06-2025,Euro Stoxx 50,1,1
26-06-2025,S&P 500,0,1
26-06-2025,Dow Jones,-1,1
26-06-2025,TSX,1,1
26-06-2025,Russell 2000,-1,0
26-06-2025,ASX 200,1,1
26-06-2025,Russell 2000,1,0
26-06-2025,IBOVESPA,-1,0
26-06-2025,NSE Nifty,0,0
26-06-2025,Euro Stoxx 50,1,0
26-06-2025,S&P/TSX Composite,1,0
26-06-2025,DAX,-1,1
26-06-2025,CAC 40,0,1
26-06-2025,Dow Jones,1,0
26-06-2025,Shanghai Composite,-1,1
26-06-2025,Euro Stoxx 50,1,1
26-06-2025,CAC 40,-1,1
27-06-2025,IBOVESPA,-1,0
27-06-2025,Nikkei 225,1,0
27-06-2025,CAC 40,0,0
27-06-2025,KOSPI,-1,1
27-06-2025,ASX 200,0,0
27-06-2025,Euro Stoxx 50,0,0
27-06-2025,Dow Jones,-1,0
27-06-2025,BSE Sensex,-1,0
27-06-2025,Nasdaq Composite,-1,0
27-06-2025,Nikkei 225,0,1
27-06-2025,Dow Jones,-1,1
27-06-2025,Russell 2000,1,0
27-06-2025,CAC 40,0,0
27-06-2025,NSE Nifty,1,0
27-06-2025,Russell 2000,0,1
27-06-2025,Nikkei 225,0,1
27-06-2025,Euro Stoxx 50,1,0
28-06-2025,KOSPI,1,1
28-06-2025,CAC 40,-1,1
28-06-2025,TSX,1,1
28-06-2025,CAC 40,0,0
28-06-2025,FTSE 100,-1,0
28-06-2025,CAC 40,0,0
28-06-2025,Russell 2000,-1,0
28-06-2025,KOSPI,1,1
28-06-2025,Nikkei 225,0,0
28-06-2025,Dow Jones,0,0
28-06-2025,DAX,1,0
28-06-2025,BSE Sensex,1,0
28-06-2025,DAX,-1,1
28-06-2025,Hang Seng,0,0
28-06-2025,FTSE 100,1,0
28-06-2025,NSE Nifty,-1,0
28-06-2025,Hang Seng,1,0
28-06-2025,Hang Seng,0,0
28-06-2025,Nasdaq Composite,0,0
28-06-2025,Nikkei 225,1,0
28-06-2025,IBOVESPA,1,1
28-06-2025,S&P 500,-1,1
29-06-2025,TSX,-1,0
29-06-2025,BSE Sensex,-1,0
29-06-2025,BSE Sensex,0,0
29-06-2025,Russell 2000,-1,0
29-06-2025,Nikkei 225,0,1
29-06-2025,IBOVESPA,1,1
29-06-2025,Hang Seng,1,1
29-06-2025,Dow Jones,0,1
29-06-2025,TSX,1,1
29-06-2025,NSE Nifty,-1,1
29-06-2025,FTSE 100,0,0
29-06-2025,Euro Stoxx 50,1,1
29-06-2025,TSX,0,1
29-06-2025,Nikkei 225,0,1
29-06-2025,DAX,-1,1
29-06-2025,Euro Stoxx 50,-1,0
30-06-2025,Nikkei 225,0,0
30-06-2025,Hang Seng,1,0
30-06-2025,S&P 500,0,1
30-06-2025,BSE Sensex,1,0
30-06-2025,Nasdaq Composite,0,1
30-06-2025,FTSE 100,1,0
30-06-2025,DAX,-1,0
30-06-2025,Hang Seng,1,1
30-06-2025,KOSPI,0,1
30-06-2025,CAC 40,1,0
30-06-2025,Dow Jones,0,0
30-06-2025,NSE Nifty,1,1
30-06-2025,TSX,-1,0
30-06-2025,Russell 2000,-1,1
30-06-2025,Nikkei 225,0,0
30-06-2025,Shanghai Composite,-1,1
30-06-2025,DAX,1,0
30-06-2025,BSE Sensex,1,1
01-07-2025,DAX,1,0
01-07-2025,ASX 200,0,1
01-07-2025,S&P 500,1,1
01-07-2025,KOSPI,-1,1
01-07-2025,Dow Jones,0,0
01-07-2025,S&P 500,1,1
01-07-2025,S&P 500,0,1
01-07-2025,Shanghai Composite,-1,1
01-07-2025,IBOVESPA,1,1
01-07-2025,KOSPI,-1,1
02-07-2025,Russell 2000,1,0
02-07-2025,Nasdaq Composite,0,1
02-07-2025,DAX,1,0
02-07-2025,Shanghai Composite,-1,1
02-07-2025,Dow Jones,-1,1
02-07-2025,Dow Jones,0,0
02-07-2025,Dow Jones,1,1
03-07-2025,CAC 40,0,0
03-07-2025,NSE Nifty,1,1
03-07-2025,S&P/TSX Composite,0,1
03-07-2025,BSE Sensex,1,0
03-07-2025,CAC 40,-1,0
03-07-2025,Nikkei 225,-1,0
03-07-2025,S&P 500,1,0
03-07-2025,BSE Sensex,-1,1
03-07-2025,ASX 200,0,1
03-07-2025,Hang Seng,0,0
03-07-2025,Nikkei 225,-1,1
03-07-2025,IBOVESPA,1,1
03-07-2025,TSX,0,0
03-07-2025,KOSPI,1,0
03-07-2025,Euro Stoxx 50,-1,0
03-07-2025,Dow Jones,0,0
04-07-2025,ASX 200,1,1
04-07-2025,Dow Jones,-1,0
04-07-2025,DAX,1,1
04-07-2025,S&P 500,0,0
04-07-2025,S&P 500,1,0
04-07-2025,Russell 2000,-1,1
04-07-2025,S&P 500,1,1
04-07-2025,DAX,0,0
04-07-2025,CAC 40,-1,0
04-07-2025,Nikkei 225,1,1
04-07-2025,Shanghai Composite,-1,0
04-07-2025,Euro Stoxx 50,0,1
04-07-2025,IBOVESPA,0,0
04-07-2025,CAC 40,0,1
04-07-2025,S&P 500,-1,1
05-07-2025,Hang Seng,0,0
05-07-2025,Nasdaq Composite,-1,0
05-07-2025,TSX,-1,1
05-07-2025,Dow Jones,0,1
05-07-2025,S&P 500,0,0
05-07-2025,Hang Seng,-1,0
05-07-2025,Hang Seng,1,1
05-07-2025,Nikkei 225,1,0
05-07-2025,KOSPI,-1,0
05-07-2025,KOSPI,1,1
06-07-2025,S&P 500,-1,1
06-07-2025,Nasdaq Composite,0,1
06-07-2025,IBOVESPA,-1,0
06-07-2025,Dow Jones,-1,0
06-07-2025,Dow Jones,-1,0
06-07-2025,Hang Seng,1,1
06-07-2025,IBOVESPA,0,1
06-07-2025,FTSE 100,1,1
06-07-2025,KOSPI,0,0
06-07-2025,TSX,0,0
07-07-2025,BSE Sensex,-1,1
07-07-2025,IBOVESPA,-1,1
07-07-2025,Shanghai Composite,1,0
07-07-2025,Nasdaq Composite,-1,1
07-07-2025,CAC 40,0,0
07-07-2025,TSX,1,1
07-07-2025,Dow Jones,0,0
07-07-2025,CAC 40,-1,1
07-07-2025,Hang Seng,0,0
07-07-2025,Nikkei 225,1,1
07-07-2025,S&P/TSX Composite,1,1
07-07-2025,KOSPI,1,0
07-07-2025,DAX,-1,1
07-07-2025,CAC 40,1,0
08-07-2025,Dow Jones,0,0
08-07-2025,KOSPI,0,0
08-07-2025,ASX 200,0,0
08-07-2025,ASX 200,0,1
08-07-2025,Dow Jones,1,0
08-07-2025,IBOVESPA,-1,0
08-07-2025,Hang Seng,1,0
08-07-2025,IBOVESPA,0,0
08-07-2025,S&P/TSX Composite,0,0
08-07-2025,S&P 500,0,0
08-07-2025,S&P/TSX Composite,0,1
08-07-2025,Euro Stoxx 50,-1,0
08-07-2025,CAC 40,0,1
08-07-2025,ASX 200,1,0
08-07-2025,Shanghai Composite,1,1
09-07-2025,IBOVESPA,1,0
09-07-2025,NSE Nifty,0,0
09-07-2025,IBOVESPA,0,0
09-07-2025,Russell 2000,0,1
09-07-2025,Dow Jones,-1,1
09-07-2025,Nasdaq Composite,-1,1
09-07-2025,IBOVESPA,1,0
09-07-2025,BSE Sensex,0,1
09-07-2025,Dow Jones,0,0
09-07-2025,IBOVESPA,0,0
09-07-2025,Euro Stoxx 50,1,0
09-07-2025,FTSE 100,-1,0
10-07-2025,Dow Jones,-1,1
10-07-2025,CAC 40,-1,1
10-07-2025,NSE Nifty,-1,1
10-07-2025,Shanghai Composite,1,1
10-07-2025,Dow Jones,1,1
10-07-2025,IBOVESPA,0,1
10-07-2025,KOSPI,-1,0
10-07-2025,Dow Jones,1,1
10-07-2025,ASX 200,-1,1
10-07-2025,NSE Nifty,0,1
10-07-2025,S&P 500,-1,1
10-07-2025,S&P/TSX Composite,0,0
10-07-2025,TSX,1,0
10-07-2025,Nikkei 225,-1,1
10-07-2025,Dow Jones,0,1
10-07-2025,DAX,-1,0
10-07-2025,Dow Jones,0,1
10-07-2025,BSE Sensex,0,0
11-07-2025,CAC 40,0,1
11-07-2025,Euro Stoxx 50,0,0
11-07-2025,NSE Nifty,-1,1
11-07-2025,Russell 2000,1,1
11-07-2025,DAX,1,0
11-07-2025,S&P/TSX Composite,0,0
11-07-2025,Dow Jones,-1,0
11-07-2025,Hang Seng,-1,1
12-07-2025,Russell 2000,0,0
12-07-2025,Nasdaq Composite,-1,0
12-07-2025,TSX,-1,0
12-07-2025,Russell 2000,0,1
12-07-2025,TSX,-1,0
12-07-2025,NSE Nifty,1,0
12-07-2025,Euro Stoxx 50,1,0
12-07-2025,BSE Sensex,1,1
12-07-2025,BSE Sensex,-1,1
12-07-2025,NSE Nifty,0,0
12-07-2025,KOSPI,0,0
12-07-2025,IBOVESPA,0,0
12-07-2025,S&P 500,1,0
12-07-2025,Nasdaq Composite,-1,0
12-07-2025,Hang Seng,-1,1
12-07-2025,KOSPI,1,1
12-07-2025,NSE Nifty,-1,1
12-07-2025,IBOVESPA,1,0
12-07-2025,Nikkei 225,-1,0
13-07-2025,Shanghai Composite,-1,0
13-07-2025,Dow Jones,0,0
13-07-2025,Euro Stoxx 50,1,1
13-07-2025,DAX,0,0
13-07-2025,Shanghai Composite,-1,1
13-07-2025,IBOVESPA,1,0
13-07-2025,CAC 40,-1,1
13-07-2025,S&P 500,-1,0
13-07-2025,Dow Jones,1,0
13-07-2025,IBOVESPA,1,0
13-07-2025,Euro Stoxx 50,1,1
14-07-2025,Russell 2000,0,0
14-07-2025,FTSE 100,0,1
14-07-2025,S&P/TSX Composite,0,1
14-07-2025,BSE Sensex,0,0
14-07-2025,KOSPI,-1,1
14-07-2025,IBOVESPA,0,1
14-07-2025,CAC 40,0,1
14-07-2025,S&P 500,0,1
14-07-2025,Euro Stoxx 50,-1,1
14-07-2025,FTSE 100,1,1
14-07-2025,Russell 2000,0,0
14-07-2025,S&P 500,1,1
14-07-2025,KOSPI,1,1
14-07-2025,S&P/TSX Composite,1,1
14-07-2025,FTSE 100,1,0
14-07-2025,Nasdaq Composite,1,1
14-07-2025,Shanghai Composite,1,1
15-07-2025,NSE Nifty,-1,1
15-07-2025,TSX,1,0
15-07-2025,TSX,-1,0
15-07-2025,NSE Nifty,1,0
15-07-2025,ASX 200,0,0
15-07-2025,TSX,1,0
15-07-2025,BSE Sensex,0,1
15-07-2025,FTSE 100,0,1
15-07-2025,IBOVESPA,1,1
15-07-2025,CAC 40,1,1
15-07-2025,ASX 200,-1,1
15-07-2025,FTSE 100,0,1
15-07-2025,Nasdaq Composite,1,1
15-07-2025,Hang Seng,1,1
16-07-2025,Dow Jones,-1,0
16-07-2025,TSX,-1,0
16-07-2025,KOSPI,-1,1
16-07-2025,S&P 500,-1,0
16-07-2025,CAC 40,-1,1
16-07-2025,CAC 40,0,1
16-07-2025,ASX 200,0,1
16-07-2025,CAC 40,1,0
16-07-2025,Euro Stoxx 50,1,0
16-07-2025,S&P 500,1,1
16-07-2025,CAC 40,-1,1
17-07-2025,Euro Stoxx 50,1,0
17-07-2025,S&P 500,-1,1
17-07-2025,Hang Seng,1,1
17-07-2025,TSX,-1,1
17-07-2025,S&P 500,1,1
17-07-2025,Nasdaq Composite,-1,1
17-07-2025,FTSE 100,1,0
17-07-2025,Shanghai Composite,0,0
17-07-2025,S&P 500,1,0
17-07-2025,Russell 2000,0,1
17-07-2025,CAC 40,-1,0
17-07-2025,NSE Nifty,-1,1
17-07-2025,CAC 40,0,1
17-07-2025,NSE Nifty,-1,0
17-07-2025,TSX,0,0
17-07-2025,Dow Jones,-1,1
17-07-2025,Dow Jones,0,0
17-07-2025,FTSE 100,1,0
17-07-2025,IBOVESPA,0,0
18-07-2025,FTSE 100,0,0
18-07-2025,TSX,0,1
18-07-2025,Shanghai Composite,1,1
18-07-2025,S&P 500,0,1
18-07-2025,S&P 500,1,1
18-07-2025,Hang Seng,0,1
18-07-2025,S&P/TSX Composite,1,0
18-07-2025,Nasdaq Composite,1,0
18-07-2025,Euro Stoxx 50,-1,0
18-07-2025,Hang Seng,0,0
18-07-2025,Russell 2000,1,1
18-07-2025,FTSE 100,0,1
18-07-2025,TSX,-1,0
19-07-2025,CAC 40,0,0
19-07-2025,Nikkei 225,-1,0
19-07-2025,S&P 500,1,1
19-07-2025,Russell 2000,-1,0
19-07-2025,Nikkei 225,0,1
19-07-2025,Dow Jones,0,1
19-07-2025,FTSE 100,0,1
19-07-2025,KOSPI,-1,0
19-07-2025,CAC 40,-1,0
19-07-2025,IBOVESPA,1,0
19-07-2025,CAC 40,0,1
19-07-2025,BSE Sensex,1,0
19-07-2025,Russell 2000,0,1
19-07-2025,S&P 500,0,1
19-07-2025,S&P/TSX Composite,-1,0
19-07-2025,NSE Nifty,1,1
19-07-2025,Shanghai Composite,-1,0
19-07-2025,Dow Jones,-1,0
19-07-2025,TSX,1,1
20-07-2025,KOSPI,1,0
20-07-2025,Nikkei 225,1,1
20-07-2025,Hang Seng,-1,1
20-07-2025,Nikkei 225,-1,1
20-07-2025,S&P 500,-1,1
20-07-2025,Dow Jones,0,1
20-07-2025,BSE Sensex,-1,0
20-07-2025,Shanghai Composite,0,0
20-07-2025,S&P 500,-1,1
20-07-2025,KOSPI,-1,1
20-07-2025,TSX,1,1
21-07-2025,S&P 500,-1,0
21-07-2025,KOSPI,0,1
21-07-2025,NSE Nifty,1,0
21-07-2025,Shanghai Composite,-1,1
21-07-2025,TSX,1,0
21-07-2025,S&P 500,1,1
21-07-2025,Hang Seng,1,1
21-07-2025,S&P 500,-1,0
21-07-2025,Dow Jones,0,0
22-07-2025,Nikkei 225,1,0
22-07-2025,Dow Jones,0,1
22-07-2025,Russell 2000,0,0
22-07-2025,Russell 2000,1,1
22-07-2025,CAC 40,0,0
22-07-2025,Nasdaq Composite,-1,0
22-07-2025,S&P 500,-1,0
22-07-2025,Shanghai Composite,1,0
22-07-2025,Nasdaq Composite,0,1
22-07-2025,BSE Sensex,1,1
23-07-2025,Euro Stoxx 50,1,1
23-07-2025,DAX,-1,0
23-07-2025,DAX,-1,1
23-07-2025,NSE Nifty,-1,0
23-07-2025,Nikkei 225,1,0
23-07-2025,ASX 200,-1,0
23-07-2025,IBOVESPA,-1,1
23-07-2025,Nasdaq Composite,-1,0
23-07-2025,Nasdaq Composite,0,0
23-07-2025,Nasdaq Composite,-1,0
23-07-2025,NSE Nifty,-1,0
24-07-2025,Nasdaq Composite,-1,1
24-07-2025,Nikkei 225,1,1
24-07-2025,Russell 2000,-1,0
24-07-2025,IBOVESPA,0,1
24-07-2025,Russell 2000,-1,0
24-07-2025,ASX 200,1,0
24-07-2025,Russell 2000,1,0
24-07-2025,Euro Stoxx 50,1,0
24-07-2025,S&P 500,-1,1
24-07-2025,Hang Seng,1,0
24-07-2025,Nasdaq Composite,0,0
25-07-2025,IBOVESPA,1,0
25-07-2025,Nikkei 225,-1,1
25-07-2025,KOSPI,1,1
25-07-2025,TSX,1,1
25-07-2025,FTSE 100,0,1
25-07-2025,NSE Nifty,-1,0
25-07-2025,ASX 200,0,1
25-07-2025,Russell 2000,-1,1
25-07-2025,Shanghai Composite,0,0
25-07-2025,Euro Stoxx 50,-1,0
25-07-2025,S&P/TSX Composite,0,0
25-07-2025,NSE Nifty,0,1
25-07-2025,Hang Seng,0,1
25-07-2025,TSX,0,1
25-07-2025,DAX,-1,1
26-07-2025,Shanghai Composite,-1,1
26-07-2025,Nikkei 225,0,0
26-07-2025,KOSPI,0,0
26-07-2025,S&P/TSX Composite,-1,1
26-07-2025,Euro Stoxx 50,1,0
26-07-2025,S&P/TSX Composite,-1,1
26-07-2025,Shanghai Composite,0,1
26-07-2025,DAX,-1,0
26-07-2025,Shanghai Composite,1,0
26-07-2025,CAC 40,1,0
26-07-2025,TSX,-1,1
26-07-2025,Euro Stoxx 50,1,0
26-07-2025,FTSE 100,0,0
26-07-2025,BSE Sensex,0,0
26-07-2025,S&P 500,0,1
27-07-2025,Nasdaq Composite,-1,1
27-07-2025,Nikkei 225,0,1
27-07-2025,Dow Jones,-1,0
27-07-2025,ASX 200,-1,0
27-07-2025,DAX,0,0
27-07-2025,Dow Jones,-1,1
27-07-2025,TSX,0,1
27-07-2025,Russell 2000,1,0
27-07-2025,Shanghai Composite,1,1
27-07-2025,Russell 2000,0,1
27-07-2025,Nikkei 225,-1,0
27-07-2025,IBOVESPA,-1,0
27-07-2025,S&P/TSX Composite,-1,1
27-07-2025,TSX,0,0
27-07-2025,Euro Stoxx 50,1,0
27-07-2025,TSX,0,1
27-07-2025,KOSPI,-1,0
27-07-2025,ASX 200,-1,0
28-07-2025,IBOVESPA,0,1
28-07-2025,Nikkei 225,1,0
28-07-2025,BSE Sensex,0,0
28-07-2025,Hang Seng,1,0
28-07-2025,S&P 500,0,1
28-07-2025,Russell 2000,-1,0
28-07-2025,Nikkei 225,1,1
28-07-2025,CAC 40,-1,0
28-07-2025,CAC 40,-1,0
28-07-2025,S&P/TSX Composite,0,0
29-07-2025,Hang Seng,-1,1
29-07-2025,Hang Seng,-1,0
29-07-2025,Shanghai Composite,1,1
29-07-2025,DAX,1,1
29-07-2025,Shanghai Composite,-1,1
29-07-2025,Nikkei 225,-1,1
29-07-2025,S&P/TSX Composite,-1,0
29-07-2025,Euro Stoxx 50,0,1
29-07-2025,Euro Stoxx 50,-1,0
29-07-2025,Euro Stoxx 50,1,0
29-07-2025,Russell 2000,-1,1
29-07-2025,Hang Seng,0,1
29-07-2025,Russell 2000,0,1
29-07-2025,NSE Nifty,-1,1
29-07-2025,S&P/TSX Composite,0,0
29-07-2025,ASX 200,0,0
29-07-2025,Euro Stoxx 50,0,0
29-07-2025,S&P 500,0,0
30-07-2025,Shanghai Composite,1,1
30-07-2025,Dow Jones,0,1
30-07-2025,NSE Nifty,-1,0
30-07-2025,TSX,0,1
30-07-2025,Hang Seng,-1,1
30-07-2025,S&P 500,0,0
30-07-2025,Nasdaq Composite,0,0
30-07-2025,NSE Nifty,1,1
30-07-2025,Nasdaq Composite,-1,1
30-07-2025,Nikkei 225,1,0
31-07-2025,S&P 500,0,1
31-07-2025,Nasdaq Composite,1,0
31-07-2025,FTSE 100,0,1
31-07-2025,Hang Seng,0,0
31-07-2025,Russell 2000,1,0
31-07-2025,Hang Seng,0,1
31-07-2025,Nasdaq Composite,-1,0
31-07-2025,FTSE 100,1,0
31-07-2025,FTSE 100,0,0
31-07-2025,Nasdaq Composite,1,0
31-07-2025,CAC 40,-1,1
01-08-2025,S&P 500,1,0
01-08-2025,Euro Stoxx 50,1,0
01-08-2025,FTSE 100,1,0
01-08-2025,KOSPI,0,1
01-08-2025,NSE Nifty,-1,1
01-08-2025,TSX,1,0
01-08-2025,S&P 500,-1,1
01-08-2025,S&P 500,-1,1
01-08-2025,ASX 200,-1,0
01-08-2025,NSE Nifty,1,0
01-08-2025,Hang Seng,-1,1
01-08-2025,Nikkei 225,0,0
01-08-2025,Dow Jones,0,1
01-08-2025,Nikkei 225,1,0
01-08-2025,NSE Nifty,-1,0
01-08-2025,Dow Jones,-1,1
01-08-2025,TSX,0,1
01-08-2025,Dow Jones,-1,0
02-08-2025,NSE Nifty,0,1
02-08-2025,CAC 40,-1,1
02-08-2025,TSX,1,1
02-08-2025,Euro Stoxx 50,1,0
02-08-2025,IBOVESPA,1,0
02-08-2025,KOSPI,1,1
02-08-2025,FTSE 100,1,1
02-08-2025,IBOVESPA,-1,0
02-08-2025,NSE Nifty,1,1
02-08-2025,Nikkei 225,1,1
02-08-2025,Nasdaq Composite,1,1
02-08-2025,ASX 200,0,1
03-08-2025,FTSE 100,0,1
03-08-2025,Hang Seng,1,0
03-08-2025,BSE Sensex,-1,0
03-08-2025,S&P 500,-1,1
03-08-2025,DAX,-1,0
03-08-2025,KOSPI,0,0
03-08-2025,CAC 40,1,0
03-08-2025,FTSE 100,0,0
03-08-2025,NSE Nifty,-1,0
03-08-2025,NSE Nifty,1,0
03-08-2025,Hang Seng,-1,0
03-08-2025,Euro Stoxx 50,0,1
03-08-2025,S&P/TSX Composite,1,0
04-08-2025,Hang Seng,1,1
04-08-2025,Shanghai Composite,-1,0
04-08-2025,Nasdaq Composite,1,1
04-08-2025,Shanghai Composite,0,0
04-08-2025,Shanghai Composite,-1,1
04-08-2025,Hang Seng,1,1
04-08-2025,S&P 500,-1,0
04-08-2025,Nasdaq Composite,0,0
04-08-2025,Dow Jones,-1,1
04-08-2025,Russell 2000,-1,0
04-08-2025,Shanghai Composite,0,0
04-08-2025,Nasdaq Composite,0,1
04-08-2025,DAX,-1,0
05-08-2025,FTSE 100,-1,0
05-08-2025,DAX,-1,1
05-08-2025,CAC 40,-1,0
05-08-2025,Nasdaq Composite,1,0
05-08-2025,Hang Seng,0,1
05-08-2025,ASX 200,0,0
05-08-2025,Shanghai Composite,1,1
05-08-2025,Shanghai Composite,-1,1
05-08-2025,S&P 500,-1,0
05-08-2025,Nasdaq Composite,1,0
05-08-2025,DAX,0,0
06-08-2025,CAC 40,-1,1
06-08-2025,Dow Jones,0,1
06-08-2025,TSX,1,1
06-08-2025,Dow Jones,-1,1
06-08-2025,Shanghai Composite,1,1
06-08-2025,Shanghai Composite,1,0
06-08-2025,Dow Jones,0,1
06-08-2025,S&P 500,1,1
06-08-2025,CAC 40,1,1
06-08-2025,NSE Nifty,1,0
06-08-2025,Hang Seng,-1,1
06-08-2025,Euro Stoxx 50,0,0
06-08-2025,Nikkei 225,1,1
06-08-2025,Shanghai Composite,1,0
06-08-2025,CAC 40,-1,1
06-08-2025,S&P/TSX Composite,1,1
06-08-2025,Nasdaq Composite,-1,0
06-08-2025,ASX 200,-1,0
06-08-2025,Nikkei 225,-1,1
06-08-2025,S&P 500,0,1
06-08-2025,Shanghai Composite,-1,0
07-08-2025,Hang Seng,0,0
07-08-2025,S&P 500,1,1
07-08-2025,Nikkei 225,-1,1
07-08-2025,DAX,0,1
07-08-2025,Nikkei 225,-1,0
07-08-2025,FTSE 100,1,0
07-08-2025,ASX 200,0,1
07-08-2025,Euro Stoxx 50,0,0
07-08-2025,ASX 200,1,0
07-08-2025,Nasdaq Composite,1,0
07-08-2025,Euro Stoxx 50,0,0
07-08-2025,TSX,1,0
07-08-2025,BSE Sensex,1,0
07-08-2025,Dow Jones,-1,0
07-08-2025,ASX 200,-1,1
08-08-2025,FTSE 100,0,1
08-08-2025,IBOVESPA,-1,1
08-08-2025,Russell 2000,1,0
08-08-2025,Russell 2000,1,0
08-08-2025,DAX,-1,0
08-08-2025,FTSE 100,1,0
08-08-2025,ASX 200,0,1
08-08-2025,Dow Jones,-1,1
08-08-2025,DAX,1,0
08-08-2025,DAX,-1,0
08-08-2025,ASX 200,1,1
08-08-2025,TSX,0,0
08-08-2025,S&P/TSX Composite,1,1
08-08-2025,Nikkei 225,1,1
08-08-2025,ASX 200,-1,0
08-08-2025,KOSPI,-1,0
08-08-2025,Euro Stoxx 50,-1,0
08-08-2025,IBOVESPA,1,1
09-08-2025,TSX,1,0
09-08-2025,CAC 40,-1,1
09-08-2025,KOSPI,0,1
09-08-2025,KOSPI,-1,1
09-08-2025,IBOVESPA,-1,1
09-08-2025,TSX,-1,1
09-08-2025,IBOVESPA,-1,1
09-08-2025,IBOVESPA,0,0
10-08-2025,IBOVESPA,1,0
10-08-2025,TSX,1,0
10-08-2025,NSE Nifty,1,0
10-08-2025,IBOVESPA,-1,1
10-08-2025,DAX,1,1
10-08-2025,Shanghai Composite,1,1
10-08-2025,Dow Jones,1,0
10-08-2025,Hang Seng,-1,0
10-08-2025,BSE Sensex,0,1
10-08-2025,Nikkei 225,-1,1
10-08-2025,Russell 2000,1,0
10-08-2025,ASX 200,-1,1
10-08-2025,TSX,0,0
11-08-2025,Euro Stoxx 50,0,1
11-08-2025,BSE Sensex,0,1
11-08-2025,DAX,1,1
11-08-2025,TSX,1,1
11-08-2025,Nasdaq Composite,1,0
11-08-2025,Hang Seng,0,0
11-08-2025,ASX 200,-1,1
11-08-2025,ASX 200,-1,1
11-08-2025,Nasdaq Composite,1,0
11-08-2025,ASX 200,1,1
11-08-2025,CAC 40,-1,0
11-08-2025,Dow Jones,-1,0
12-08-2025,NSE Nifty,-1,1
12-08-2025,Russell 2000,1,1
12-08-2025,CAC 40,-1,0
12-08-2025,DAX,0,0
12-08-2025,FTSE 100,0,0
12-08-2025,IBOVESPA,-1,1
12-08-2025,NSE Nifty,-1,0
12-08-2025,S&P/TSX Composite,1,0
12-08-2025,BSE Sensex,0,0
12-08-2025,NSE Nifty,1,1
12-08-2025,Shanghai Composite,0,0
12-08-2025,Dow Jones,0,0
12-08-2025,S&P/TSX Composite,1,1
12-08-2025,ASX 200,0,0
12-08-2025,DAX,-1,1
13-08-2025,Euro Stoxx 50,-1,1
13-08-2025,ASX 200,-1,0
13-08-2025,TSX,1,0
13-08-2025,S&P/TSX Composite,-1,0
13-08-2025,Shanghai Composite,0,1
13-08-2025,TSX,1,0
13-08-2025,Nikkei 225,1,0
13-08-2025,S&P/TSX Composite,-1,1
13-08-2025,Shanghai Composite,-1,0
13-08-2025,Nikkei 225,0,0
13-08-2025,S&P 500,-1,0
13-08-2025,Nikkei 225,-1,1
14-08-2025,Nikkei 225,-1,1
14-08-2025,S&P 500,0,1
14-08-2025,S&P/TSX Composite,1,1
14-08-2025,Hang Seng,0,1
14-08-2025,IBOVESPA,-1,1
14-08-2025,CAC 40,0,0
14-08-2025,Nikkei 225,-1,1
14-08-2025,KOSPI,-1,1
14-08-2025,Euro Stoxx 50,1,0
14-08-2025,DAX,-1,0
14-08-2025,FTSE 100,1,1
14-08-2025,DAX,1,1
14-08-2025,Euro Stoxx 50,0,1
14-08-2025,Shanghai Composite,-1,1
